,CustomerId,Profit,Recency,Frequency,Monetary,Variance,RFM_group_name,SegmentID,Segment_Name
0,1.0,187.0,63.0,1.0,2349.06,2.0,Hibernating,0,brąz
1,2.0,96.0,10.0,6.0,922.62,4.0,Potential Loyalist,2,srebro
2,3.0,47.0,35.0,4.0,881.22,3.0,Hibernating,0,brąz
3,4.0,294.0,5.0,1.0,3815.16,2.0,Potential Loyalist,2,srebro
4,5.0,732.0,4.0,31.0,41868.11,29.0,Champion,1,złoto
5,6.0,37.0,16.0,3.0,2053.4,8.0,About To Sleep,2,srebro
6,7.0,264.0,11.0,12.0,4861.49,12.0,Loyal Custome,2,srebro
7,8.0,188.0,4.0,8.0,4010.69,9.0,Loyal Custome,2,srebro
8,9.0,316.0,4.0,21.0,12636.8,20.0,Champion,1,złoto
9,10.0,528.0,5.0,18.0,17741.24,26.0,Champion,1,złoto
10,11.0,87.0,18.0,6.0,5542.36,10.0,Needs Attention,2,srebro
11,13.0,445.0,5.0,14.0,24193.52,23.0,Champion,1,złoto
12,14.0,434.0,17.0,8.0,35265.23,24.0,Loyal Custome,2,srebro
13,15.0,247.0,25.0,8.0,17161.14,17.0,At Risk,2,srebro
14,16.0,111.0,4.0,7.0,1551.15,3.0,Potential Loyalist,2,srebro
15,17.0,320.0,5.0,15.0,7345.29,20.0,Loyal Custome,1,złoto
16,18.0,18.0,7.0,2.0,339.1,5.0,Potential Loyalist,0,brąz
17,19.0,36.0,40.0,7.0,774.44,5.0,Uncertain,0,brąz
18,20.0,26.0,59.0,3.0,251.98,2.0,Hibernating,0,brąz
19,21.0,156.0,32.0,4.0,11455.86,10.0,At Risk,2,srebro
20,22.0,30.0,42.0,1.0,139.76,1.0,Hibernating,0,brąz
21,23.0,251.0,5.0,13.0,5230.98,19.0,Loyal Custome,1,złoto
22,24.0,42.0,41.0,3.0,351.06,3.0,Hibernating,0,brąz
23,25.0,94.0,5.0,5.0,2265.75,10.0,Potential Loyalist,2,srebro
24,26.0,957.0,3.0,22.0,35229.52,34.0,Champion,1,złoto
25,28.0,304.0,47.0,4.0,5845.68,6.0,At Risk,0,brąz
26,29.0,79.0,3.0,9.0,750.84,8.0,Potential Loyalist,2,srebro
27,30.0,39.0,18.0,3.0,602.63,2.0,About To Sleep,0,brąz
28,31.0,36.0,2.0,2.0,537.0,2.0,Potential Loyalist,2,srebro
29,32.0,123.0,4.0,6.0,3461.61,12.0,Potential Loyalist,2,srebro
30,33.0,115.0,55.0,3.0,5802.5,14.0,Hibernating,0,brąz
31,34.0,56.0,32.0,5.0,427.31,4.0,Hibernating,0,brąz
32,35.0,6.0,63.0,1.0,49.99,1.0,Hibernating,0,brąz
33,36.0,39.0,2.0,8.0,1195.41,6.0,Potential Loyalist,2,srebro
34,37.0,548.0,2.0,14.0,23431.21,20.0,Champion,1,złoto
35,38.0,251.0,5.0,10.0,6580.88,8.0,Loyal Custome,1,złoto
36,39.0,597.0,3.0,27.0,29915.37,26.0,Champion,1,złoto
37,40.0,270.0,24.0,13.0,3499.2,9.0,At Risk,2,srebro
38,41.0,638.0,6.0,16.0,37273.21,39.0,Loyal Custome,1,złoto
39,43.0,8.0,40.0,1.0,75.48,1.0,Hibernating,0,brąz
40,44.0,8.0,63.0,1.0,75.48,1.0,Hibernating,0,brąz
41,45.0,435.0,4.0,14.0,20953.36,21.0,Champion,1,złoto
42,46.0,516.0,6.0,14.0,14164.84,22.0,Loyal Custome,1,złoto
43,47.0,29.0,3.0,4.0,295.92,4.0,Potential Loyalist,2,srebro
44,48.0,314.0,3.0,15.0,8863.08,14.0,Loyal Custome,1,złoto
45,49.0,356.0,4.0,17.0,13089.16,19.0,Champion,1,złoto
46,50.0,191.0,6.0,3.0,1979.79,7.0,Potential Loyalist,2,srebro
47,52.0,667.0,1.0,3.0,55547.8,14.0,Uncertain,1,złoto
48,53.0,800.0,3.0,11.0,39119.06,25.0,Loyal Custome,1,złoto
49,54.0,414.0,5.0,25.0,65626.88,25.0,Champion,1,złoto
50,55.0,48.0,33.0,2.0,349.92,1.0,Hibernating,0,brąz
51,56.0,1192.0,4.0,24.0,93531.57,46.0,Champion,1,złoto
52,57.0,40.0,12.0,4.0,130.72,1.0,About To Sleep,0,brąz
53,58.0,271.0,3.0,22.0,4340.73,8.0,Loyal Custome,1,złoto
54,59.0,442.0,5.0,13.0,18207.51,12.0,Champion,1,złoto
55,60.0,17.0,21.0,5.0,295.21,3.0,About To Sleep,0,brąz
56,61.0,28.0,7.0,7.0,683.35,6.0,Potential Loyalist,2,srebro
57,62.0,174.0,5.0,12.0,5437.51,15.0,Loyal Custome,1,złoto
58,63.0,318.0,3.0,13.0,9916.47,12.0,Champion,1,złoto
59,64.0,18.0,18.0,2.0,290.4,3.0,About To Sleep,0,brąz
60,65.0,95.0,4.0,24.0,2178.73,13.0,Uncertain,1,złoto
61,66.0,145.0,10.0,9.0,7234.36,12.0,Loyal Custome,2,srebro
62,67.0,2851.0,10.0,11.0,467173.25,61.0,Loyal Custome,1,złoto
63,68.0,3645.0,3.0,36.0,73717.29,62.0,Champion,1,złoto
64,69.0,319.0,5.0,12.0,9566.5,7.0,Champion,1,złoto
65,70.0,1503.0,7.0,17.0,115407.56,50.0,Loyal Custome,1,złoto
66,71.0,82.0,21.0,5.0,1395.93,9.0,Needs Attention,2,srebro
67,72.0,4553.0,49.0,8.0,105275.94,6.0,At Risk,2,srebro
68,73.0,69.0,2.0,10.0,1186.25,6.0,Potential Loyalist,2,srebro
69,74.0,793.0,4.0,13.0,31984.79,39.0,Champion,1,złoto
70,75.0,279.0,5.0,10.0,7465.7,18.0,Loyal Custome,1,złoto
71,76.0,195.0,6.0,17.0,2867.65,15.0,Uncertain,2,srebro
72,77.0,21.0,13.0,3.0,524.76,4.0,About To Sleep,0,brąz
73,78.0,713.0,3.0,7.0,31663.0,18.0,Loyal Custome,1,złoto
74,79.0,325.0,7.0,6.0,25173.63,22.0,Uncertain,1,złoto
75,80.0,373.0,3.0,22.0,11111.18,22.0,Champion,1,złoto
76,81.0,166.0,10.0,7.0,6312.12,8.0,Loyal Custome,2,srebro
77,82.0,1509.0,7.0,18.0,75701.68,42.0,Loyal Custome,1,złoto
78,83.0,213.0,5.0,3.0,21170.92,22.0,Uncertain,2,srebro
79,84.0,316.0,5.0,20.0,6530.72,9.0,Loyal Custome,1,złoto
80,85.0,290.0,41.0,2.0,5392.08,4.0,Hibernating,0,brąz
81,86.0,71.0,6.0,12.0,1297.59,8.0,Uncertain,2,srebro
82,87.0,30.0,47.0,1.0,148.29,1.0,Hibernating,0,brąz
83,88.0,6.0,54.0,3.0,87.17,2.0,Hibernating,0,brąz
84,89.0,344.0,11.0,13.0,15997.74,28.0,Loyal Custome,1,złoto
85,90.0,1068.0,7.0,18.0,40522.53,39.0,Loyal Custome,1,złoto
86,91.0,313.0,4.0,23.0,13311.28,20.0,Champion,1,złoto
87,92.0,42.0,48.0,3.0,741.48,4.0,Hibernating,0,brąz
88,94.0,181.0,13.0,2.0,2739.04,5.0,About To Sleep,0,brąz
89,95.0,452.0,11.0,17.0,15568.93,28.0,Loyal Custome,1,złoto
90,96.0,98.0,7.0,13.0,1176.92,7.0,Uncertain,2,srebro
91,97.0,2281.0,6.0,16.0,251457.4,30.0,Loyal Custome,1,złoto
92,98.0,204.0,6.0,7.0,6524.25,10.0,Loyal Custome,2,srebro
93,100.0,1677.0,7.0,16.0,134508.7,34.0,Loyal Custome,1,złoto
94,101.0,1907.0,11.0,13.0,138180.25,42.0,Loyal Custome,1,złoto
95,102.0,264.0,19.0,10.0,7890.94,15.0,Loyal Custome,2,srebro
96,103.0,205.0,3.0,12.0,9996.0,18.0,Champion,1,złoto
97,104.0,61.0,6.0,9.0,2651.49,7.0,Potential Loyalist,2,srebro
98,105.0,240.0,4.0,12.0,13218.21,19.0,Champion,1,złoto
99,106.0,30.0,66.0,1.0,16.44,1.0,Hibernating,0,brąz
100,107.0,230.0,3.0,5.0,11636.04,20.0,Uncertain,1,złoto
101,108.0,34.0,18.0,2.0,1552.87,7.0,About To Sleep,0,brąz
102,109.0,182.0,7.0,9.0,3270.86,6.0,Potential Loyalist,2,srebro
103,110.0,3152.0,2.0,22.0,109332.32,48.0,Champion,1,złoto
104,111.0,524.0,2.0,19.0,15718.21,24.0,Champion,1,złoto
105,112.0,597.0,3.0,10.0,30218.41,24.0,Loyal Custome,1,złoto
106,113.0,184.0,12.0,9.0,1700.68,7.0,Needs Attention,2,srebro
107,114.0,452.0,3.0,13.0,15926.79,27.0,Champion,1,złoto
108,115.0,70.0,28.0,4.0,968.78,8.0,Hibernating,0,brąz
109,116.0,1382.0,6.0,15.0,89000.57,53.0,Loyal Custome,1,złoto
110,117.0,508.0,3.0,9.0,18499.61,22.0,Loyal Custome,1,złoto
111,118.0,144.0,32.0,4.0,1297.66,3.0,At Risk,0,brąz
112,119.0,202.0,14.0,9.0,2581.31,8.0,Needs Attention,2,srebro
113,120.0,74.0,45.0,3.0,1042.36,5.0,Hibernating,0,brąz
114,121.0,36.0,9.0,9.0,1375.16,8.0,Potential Loyalist,2,srebro
115,122.0,153.0,4.0,6.0,8945.05,12.0,Potential Loyalist,2,srebro
116,123.0,221.0,2.0,35.0,5359.9,10.0,Loyal Custome,1,złoto
117,125.0,141.0,4.0,8.0,5130.72,13.0,Loyal Custome,2,srebro
118,126.0,10.0,49.0,1.0,124.69,1.0,Hibernating,0,brąz
119,127.0,376.0,14.0,12.0,16251.02,30.0,Loyal Custome,2,srebro
120,128.0,302.0,18.0,10.0,7417.74,11.0,Loyal Custome,2,srebro
121,129.0,342.0,4.0,17.0,12714.23,24.0,Champion,1,złoto
122,130.0,1361.0,13.0,7.0,49103.25,15.0,Loyal Custome,1,złoto
123,131.0,105.0,3.0,22.0,2583.67,9.0,Uncertain,1,złoto
124,132.0,1681.0,7.0,16.0,72922.99,42.0,Loyal Custome,1,złoto
125,133.0,22.0,13.0,2.0,309.38,3.0,About To Sleep,0,brąz
126,134.0,85.0,18.0,5.0,3051.11,9.0,Needs Attention,2,srebro
127,135.0,22.0,39.0,4.0,190.55,4.0,Hibernating,0,brąz
128,136.0,1389.0,2.0,8.0,30290.52,13.0,Loyal Custome,1,złoto
129,137.0,837.0,1.0,3.0,89532.87,19.0,Uncertain,1,złoto
130,138.0,663.0,5.0,12.0,52859.17,22.0,Champion,1,złoto
131,139.0,84.0,10.0,6.0,763.44,3.0,Potential Loyalist,2,srebro
132,140.0,1191.0,4.0,13.0,54739.72,33.0,Champion,1,złoto
133,141.0,150.0,5.0,8.0,5670.2,12.0,Loyal Custome,2,srebro
134,142.0,349.0,3.0,26.0,9298.13,13.0,Champion,1,złoto
135,143.0,222.0,3.0,16.0,5691.82,14.0,Loyal Custome,1,złoto
136,144.0,155.0,42.0,6.0,5144.86,13.0,At Risk,2,srebro
137,146.0,226.0,12.0,12.0,5942.56,9.0,Loyal Custome,2,srebro
138,147.0,83.0,4.0,11.0,2234.87,7.0,Potential Loyalist,2,srebro
139,148.0,1414.0,5.0,18.0,91745.88,56.0,Champion,1,złoto
140,149.0,200.0,6.0,10.0,9678.88,18.0,Loyal Custome,1,złoto
141,150.0,278.0,18.0,8.0,4483.91,13.0,Loyal Custome,2,srebro
142,151.0,117.0,5.0,10.0,854.03,5.0,Potential Loyalist,2,srebro
143,152.0,70.0,3.0,4.0,1226.05,5.0,Potential Loyalist,2,srebro
144,153.0,270.0,3.0,4.0,3222.76,4.0,Potential Loyalist,2,srebro
145,154.0,703.0,3.0,12.0,10930.32,11.0,Champion,1,złoto
146,156.0,76.0,5.0,8.0,878.37,6.0,Potential Loyalist,2,srebro
147,157.0,177.0,27.0,9.0,6751.55,13.0,At Risk,2,srebro
148,159.0,113.0,7.0,11.0,4058.37,12.0,Loyal Custome,2,srebro
149,160.0,220.0,19.0,11.0,7581.11,9.0,Loyal Custome,2,srebro
150,161.0,50.0,11.0,4.0,536.39,3.0,About To Sleep,2,srebro
151,162.0,237.0,4.0,8.0,5288.77,13.0,Loyal Custome,2,srebro
152,163.0,906.0,2.0,25.0,32039.27,30.0,Champion,1,złoto
153,164.0,20.0,68.0,1.0,85.22,1.0,Hibernating,0,brąz
154,165.0,104.0,10.0,4.0,563.76,3.0,Potential Loyalist,2,srebro
155,166.0,58.0,6.0,10.0,1335.74,5.0,Potential Loyalist,2,srebro
156,167.0,37.0,12.0,9.0,413.43,6.0,Uncertain,2,srebro
157,168.0,35.0,34.0,2.0,1034.14,4.0,Hibernating,0,brąz
158,169.0,152.0,11.0,5.0,7864.08,9.0,Needs Attention,2,srebro
159,170.0,132.0,14.0,4.0,4792.79,12.0,Needs Attention,2,srebro
160,171.0,561.0,4.0,21.0,19394.13,35.0,Champion,1,złoto
161,172.0,153.0,11.0,3.0,7841.84,13.0,Hibernating,2,srebro
162,173.0,65.0,13.0,19.0,805.58,6.0,Uncertain,2,srebro
163,174.0,173.0,6.0,7.0,1175.15,5.0,Potential Loyalist,2,srebro
164,175.0,6015.0,42.0,13.0,61685.44,10.0,At Risk,2,srebro
165,176.0,603.0,45.0,3.0,7177.68,5.0,Hibernating,0,brąz
166,177.0,30.0,3.0,9.0,523.66,5.0,Potential Loyalist,2,srebro
167,178.0,67.0,19.0,4.0,1938.81,9.0,Needs Attention,2,srebro
168,179.0,1349.0,3.0,19.0,47898.18,37.0,Champion,1,złoto
169,180.0,130.0,21.0,5.0,2144.24,4.0,Needs Attention,2,srebro
170,181.0,1031.0,4.0,25.0,67709.38,38.0,Champion,1,złoto
171,182.0,1691.0,16.0,10.0,29748.27,14.0,Loyal Custome,2,srebro
172,184.0,24.0,41.0,1.0,174.96,1.0,Hibernating,0,brąz
173,185.0,605.0,7.0,10.0,15489.51,17.0,Loyal Custome,1,złoto
174,186.0,492.0,3.0,27.0,15603.6,21.0,Champion,1,złoto
175,187.0,11.0,67.0,2.0,260.33,3.0,Hibernating,0,brąz
176,188.0,1994.0,7.0,14.0,92115.18,23.0,Loyal Custome,1,złoto
177,189.0,170.0,12.0,5.0,8733.48,20.0,Needs Attention,2,srebro
178,190.0,76.0,21.0,7.0,2874.69,10.0,Needs Attention,2,srebro
179,191.0,210.0,63.0,1.0,4528.92,3.0,Hibernating,0,brąz
180,192.0,374.0,3.0,15.0,17933.52,39.0,Champion,1,złoto
181,193.0,43.0,3.0,7.0,1269.48,8.0,Potential Loyalist,2,srebro
182,194.0,5.0,3.0,1.0,133.45,1.0,Potential Loyalist,0,brąz
183,195.0,30.0,48.0,1.0,148.29,1.0,Hibernating,0,brąz
184,196.0,310.0,5.0,8.0,21233.56,17.0,Loyal Custome,1,złoto
185,197.0,68.0,7.0,4.0,1548.38,5.0,Potential Loyalist,2,srebro
186,198.0,3899.0,2.0,37.0,210361.73,44.0,Champion,1,złoto
187,199.0,18.0,32.0,2.0,100.38,2.0,Hibernating,0,brąz
188,200.0,69.0,11.0,6.0,1510.53,9.0,Needs Attention,2,srebro
189,201.0,344.0,62.0,2.0,6511.92,6.0,Hibernating,0,brąz
190,202.0,700.0,4.0,26.0,47927.88,28.0,Champion,1,złoto
191,203.0,177.0,1.0,3.0,5869.97,8.0,Potential Loyalist,1,złoto
192,204.0,423.0,7.0,14.0,15919.92,32.0,Loyal Custome,1,złoto
193,205.0,258.0,3.0,21.0,5693.63,25.0,Loyal Custome,1,złoto
194,206.0,588.0,4.0,15.0,9448.49,14.0,Champion,1,złoto
195,207.0,179.0,5.0,3.0,6292.66,12.0,Potential Loyalist,2,srebro
196,208.0,58.0,5.0,11.0,1555.38,9.0,Potential Loyalist,2,srebro
197,209.0,240.0,10.0,22.0,3909.77,14.0,Loyal Custome,2,srebro
198,210.0,50.0,4.0,16.0,1157.21,5.0,Uncertain,2,srebro
199,211.0,266.0,3.0,6.0,13826.76,18.0,Uncertain,1,złoto
200,212.0,124.0,14.0,9.0,5678.1,11.0,Loyal Custome,2,srebro
201,213.0,85.0,18.0,3.0,1568.96,6.0,About To Sleep,0,brąz
202,214.0,146.0,6.0,15.0,1621.59,8.0,Uncertain,2,srebro
203,215.0,136.0,3.0,9.0,4895.77,9.0,Loyal Custome,1,złoto
204,216.0,607.0,4.0,35.0,21229.71,19.0,Champion,1,złoto
205,217.0,180.0,1.0,3.0,5187.32,6.0,Potential Loyalist,1,złoto
206,218.0,24.0,41.0,1.0,94.8,1.0,Hibernating,0,brąz
207,219.0,132.0,53.0,2.0,1354.09,3.0,Hibernating,0,brąz
208,220.0,1114.0,2.0,24.0,25270.98,21.0,Champion,1,złoto
209,221.0,284.0,7.0,11.0,9790.06,15.0,Loyal Custome,1,złoto
210,222.0,72.0,6.0,8.0,970.6,6.0,Potential Loyalist,2,srebro
211,223.0,2691.0,5.0,13.0,287959.56,61.0,Champion,1,złoto
212,224.0,165.0,20.0,1.0,3067.35,1.0,About To Sleep,0,brąz
213,225.0,179.0,3.0,4.0,7422.96,9.0,Potential Loyalist,2,srebro
214,226.0,34.0,12.0,8.0,658.31,8.0,Uncertain,2,srebro
215,227.0,636.0,3.0,15.0,36841.14,37.0,Champion,1,złoto
216,228.0,492.0,1.0,3.0,26279.52,13.0,Uncertain,1,złoto
217,229.0,687.0,5.0,14.0,30920.68,26.0,Champion,1,złoto
218,230.0,42.0,13.0,4.0,680.38,2.0,About To Sleep,2,srebro
219,231.0,625.0,4.0,23.0,22100.67,37.0,Champion,1,złoto
220,232.0,652.0,5.0,13.0,86669.64,26.0,Champion,1,złoto
221,233.0,141.0,21.0,5.0,3867.5,10.0,Needs Attention,2,srebro
222,234.0,290.0,2.0,15.0,12101.2,19.0,Champion,1,złoto
223,235.0,31.0,25.0,4.0,319.03,4.0,Hibernating,0,brąz
224,236.0,838.0,7.0,17.0,26820.7,31.0,Loyal Custome,1,złoto
225,237.0,7818.0,33.0,3.0,332032.75,6.0,Uncertain,2,srebro
226,238.0,191.0,7.0,3.0,2966.16,7.0,Potential Loyalist,2,srebro
227,239.0,36.0,9.0,3.0,783.37,5.0,Potential Loyalist,2,srebro
228,240.0,311.0,4.0,18.0,23974.04,21.0,Champion,1,złoto
229,241.0,397.0,2.0,17.0,8258.09,11.0,Loyal Custome,1,złoto
230,242.0,86.0,12.0,7.0,794.56,4.0,Uncertain,2,srebro
231,243.0,1210.0,2.0,32.0,52025.69,26.0,Champion,1,złoto
232,244.0,472.0,11.0,13.0,17900.85,25.0,Loyal Custome,1,złoto
233,245.0,40.0,69.0,3.0,728.98,5.0,Hibernating,0,brąz
234,246.0,755.0,4.0,10.0,50024.63,34.0,Loyal Custome,1,złoto
235,247.0,906.0,5.0,14.0,76543.53,42.0,Champion,1,złoto
236,248.0,507.0,5.0,26.0,11365.45,20.0,Champion,1,złoto
237,249.0,491.0,5.0,8.0,23674.2,17.0,Loyal Custome,1,złoto
238,250.0,169.0,34.0,5.0,4556.51,8.0,At Risk,2,srebro
239,251.0,427.0,7.0,19.0,14783.38,17.0,Loyal Custome,1,złoto
240,252.0,264.0,3.0,8.0,5315.03,10.0,Loyal Custome,1,złoto
241,253.0,2526.0,3.0,14.0,367264.7,40.0,Champion,1,złoto
242,254.0,111.0,5.0,10.0,1725.8,12.0,Potential Loyalist,2,srebro
243,255.0,1732.0,6.0,15.0,107212.51,56.0,Loyal Custome,1,złoto
244,256.0,554.0,5.0,12.0,28136.79,30.0,Champion,1,złoto
245,257.0,154.0,3.0,15.0,3704.3,11.0,Loyal Custome,1,złoto
246,258.0,121.0,18.0,4.0,4833.1,12.0,Needs Attention,2,srebro
247,259.0,48.0,12.0,4.0,294.3,4.0,About To Sleep,0,brąz
248,260.0,111.0,68.0,4.0,4801.15,12.0,At Risk,0,brąz
249,261.0,77.0,13.0,3.0,4046.3,11.0,Hibernating,2,srebro
250,262.0,1977.0,6.0,12.0,124036.52,43.0,Loyal Custome,1,złoto
251,263.0,995.0,6.0,21.0,43465.13,30.0,Loyal Custome,1,złoto
252,264.0,438.0,3.0,15.0,12548.11,22.0,Champion,1,złoto
253,265.0,426.0,10.0,6.0,21889.92,22.0,Uncertain,2,srebro
254,266.0,36.0,4.0,14.0,578.84,2.0,Uncertain,2,srebro
255,267.0,798.0,45.0,5.0,120516.1,47.0,At Risk,2,srebro
256,268.0,945.0,4.0,20.0,50470.82,34.0,Champion,1,złoto
257,269.0,648.0,3.0,21.0,31604.13,38.0,Champion,1,złoto
258,270.0,30.0,4.0,1.0,273.93,1.0,Potential Loyalist,0,brąz
259,271.0,36.0,72.0,1.0,577.92,2.0,Hibernating,0,brąz
260,272.0,280.0,3.0,9.0,5964.15,7.0,Loyal Custome,1,złoto
261,273.0,45.0,52.0,1.0,777.0,2.0,Hibernating,0,brąz
262,274.0,72.0,55.0,2.0,4987.68,11.0,Hibernating,0,brąz
263,275.0,36.0,14.0,2.0,475.9,2.0,About To Sleep,0,brąz
264,276.0,92.0,2.0,8.0,1058.88,10.0,Potential Loyalist,2,srebro
265,277.0,72.0,69.0,1.0,599.88,1.0,Hibernating,0,brąz
266,278.0,46.0,17.0,4.0,974.74,5.0,About To Sleep,0,brąz
267,279.0,830.0,7.0,11.0,53832.29,32.0,Loyal Custome,1,złoto
268,280.0,779.0,20.0,15.0,15600.45,27.0,Loyal Custome,2,srebro
269,281.0,838.0,10.0,19.0,47984.74,42.0,Loyal Custome,1,złoto
270,283.0,36.0,45.0,3.0,909.8,4.0,Hibernating,0,brąz
271,284.0,200.0,24.0,7.0,2960.9,7.0,Needs Attention,2,srebro
272,285.0,1250.0,6.0,16.0,67892.02,45.0,Loyal Custome,1,złoto
273,286.0,164.0,14.0,4.0,7462.58,7.0,Needs Attention,2,srebro
274,287.0,109.0,13.0,3.0,3366.59,7.0,About To Sleep,2,srebro
275,288.0,30.0,41.0,4.0,606.3,3.0,Hibernating,0,brąz
276,289.0,20.0,46.0,2.0,781.92,3.0,Hibernating,0,brąz
277,290.0,2177.0,4.0,28.0,186689.16,52.0,Champion,1,złoto
278,291.0,4.0,33.0,1.0,49.99,1.0,Hibernating,0,brąz
279,292.0,56.0,3.0,9.0,1342.64,7.0,Potential Loyalist,2,srebro
280,293.0,1831.0,5.0,17.0,85888.68,54.0,Champion,1,złoto
281,294.0,2584.0,3.0,25.0,194548.55,58.0,Champion,1,złoto
282,295.0,52.0,46.0,1.0,981.24,1.0,Hibernating,0,brąz
283,296.0,142.0,20.0,5.0,1081.07,4.0,Needs Attention,2,srebro
284,297.0,820.0,7.0,17.0,49656.4,52.0,Loyal Custome,1,złoto
285,298.0,56.0,34.0,6.0,1213.2,8.0,At Risk,0,brąz
286,299.0,132.0,19.0,2.0,759.92,2.0,About To Sleep,0,brąz
287,300.0,63.0,32.0,2.0,1430.52,2.0,Hibernating,0,brąz
288,301.0,273.0,5.0,12.0,3196.2,9.0,Uncertain,2,srebro
289,302.0,243.0,1.0,3.0,8459.7,7.0,Potential Loyalist,1,złoto
290,303.0,86.0,10.0,5.0,1795.02,6.0,Potential Loyalist,2,srebro
291,304.0,69.0,13.0,10.0,850.27,7.0,Uncertain,2,srebro
292,306.0,47.0,25.0,4.0,708.77,7.0,Hibernating,0,brąz
293,307.0,185.0,21.0,17.0,2688.48,9.0,At Risk,2,srebro
294,308.0,449.0,3.0,12.0,21055.97,29.0,Champion,1,złoto
295,309.0,199.0,4.0,10.0,2551.91,8.0,Potential Loyalist,2,srebro
296,310.0,1092.0,7.0,14.0,79058.43,42.0,Loyal Custome,1,złoto
297,311.0,888.0,4.0,14.0,53908.76,39.0,Champion,1,złoto
298,312.0,20.0,55.0,1.0,249.95,1.0,Hibernating,0,brąz
299,313.0,1009.0,7.0,27.0,29839.79,43.0,Loyal Custome,1,złoto
300,314.0,347.0,7.0,22.0,15631.86,18.0,Loyal Custome,1,złoto
301,315.0,10.0,42.0,1.0,56.03,1.0,Hibernating,0,brąz
302,316.0,200.0,55.0,3.0,1099.9,1.0,Hibernating,0,brąz
303,317.0,169.0,17.0,9.0,4478.65,17.0,Loyal Custome,2,srebro
304,318.0,194.0,3.0,13.0,4625.11,19.0,Loyal Custome,1,złoto
305,319.0,361.0,14.0,7.0,9695.37,12.0,Loyal Custome,2,srebro
306,320.0,1229.0,4.0,23.0,84738.19,58.0,Champion,1,złoto
307,321.0,108.0,6.0,3.0,3393.31,7.0,Potential Loyalist,2,srebro
308,322.0,63.0,11.0,9.0,1042.45,6.0,Uncertain,2,srebro
309,323.0,365.0,10.0,7.0,21529.08,29.0,Loyal Custome,2,srebro
310,324.0,558.0,5.0,13.0,17884.42,35.0,Champion,1,złoto
311,325.0,23.0,16.0,1.0,641.86,2.0,About To Sleep,0,brąz
312,326.0,231.0,7.0,11.0,7870.44,17.0,Loyal Custome,2,srebro
313,327.0,416.0,7.0,10.0,18893.61,23.0,Loyal Custome,1,złoto
314,328.0,735.0,4.0,10.0,38667.31,36.0,Loyal Custome,1,złoto
315,329.0,59.0,40.0,3.0,5002.08,10.0,Hibernating,0,brąz
316,330.0,288.0,5.0,10.0,7440.02,16.0,Loyal Custome,1,złoto
317,331.0,809.0,3.0,11.0,33928.58,25.0,Loyal Custome,1,złoto
318,332.0,206.0,25.0,5.0,2927.02,6.0,At Risk,2,srebro
319,333.0,1165.0,3.0,7.0,76883.66,25.0,Loyal Custome,1,złoto
320,334.0,797.0,12.0,4.0,18690.46,10.0,At Risk,2,srebro
321,335.0,638.0,3.0,9.0,38239.67,27.0,Loyal Custome,1,złoto
322,336.0,2181.0,2.0,39.0,62398.89,30.0,Champion,1,złoto
323,337.0,682.0,6.0,10.0,32927.37,25.0,Loyal Custome,1,złoto
324,338.0,693.0,4.0,16.0,31351.32,31.0,Champion,1,złoto
325,339.0,137.0,6.0,11.0,4313.06,11.0,Loyal Custome,2,srebro
326,342.0,64.0,14.0,3.0,2758.22,8.0,About To Sleep,2,srebro
327,343.0,851.0,11.0,6.0,27152.31,10.0,At Risk,2,srebro
328,344.0,462.0,4.0,21.0,11361.97,24.0,Champion,1,złoto
329,345.0,559.0,3.0,7.0,34635.08,21.0,Loyal Custome,1,złoto
330,346.0,420.0,13.0,3.0,3497.52,3.0,About To Sleep,2,srebro
331,347.0,516.0,6.0,8.0,44667.22,23.0,Loyal Custome,1,złoto
332,348.0,12.0,47.0,1.0,247.94,2.0,Hibernating,0,brąz
333,349.0,50.0,6.0,1.0,506.82,2.0,Potential Loyalist,0,brąz
334,350.0,1131.0,4.0,20.0,63703.52,49.0,Champion,1,złoto
335,351.0,616.0,6.0,15.0,39185.96,40.0,Loyal Custome,1,złoto
336,352.0,360.0,59.0,1.0,4949.55,2.0,Hibernating,0,brąz
337,353.0,522.0,3.0,24.0,21243.0,18.0,Champion,1,złoto
338,354.0,38.0,35.0,6.0,433.64,5.0,Hibernating,0,brąz
339,355.0,50.0,52.0,1.0,1025.16,2.0,Hibernating,0,brąz
340,356.0,366.0,4.0,21.0,11088.62,11.0,Champion,1,złoto
341,357.0,163.0,4.0,11.0,3299.13,8.0,Potential Loyalist,2,srebro
342,358.0,298.0,4.0,25.0,5378.96,12.0,Loyal Custome,1,złoto
343,359.0,110.0,4.0,6.0,3813.61,14.0,Potential Loyalist,2,srebro
344,361.0,59.0,18.0,4.0,3726.16,12.0,Needs Attention,2,srebro
345,362.0,425.0,18.0,9.0,26582.44,16.0,Loyal Custome,2,srebro
346,363.0,1022.0,5.0,16.0,39409.47,40.0,Champion,1,złoto
347,364.0,922.0,52.0,3.0,88554.77,28.0,Uncertain,2,srebro
348,365.0,297.0,4.0,13.0,6474.4,10.0,Loyal Custome,1,złoto
349,366.0,99.0,18.0,6.0,2642.3,9.0,Needs Attention,2,srebro
350,367.0,521.0,6.0,16.0,25645.91,26.0,Loyal Custome,1,złoto
351,368.0,576.0,1.0,3.0,40867.27,14.0,Uncertain,1,złoto
352,369.0,9.0,3.0,3.0,88.56,1.0,Potential Loyalist,2,srebro
353,370.0,1137.0,4.0,24.0,97074.2,48.0,Champion,1,złoto
354,371.0,332.0,11.0,9.0,7422.11,17.0,Loyal Custome,2,srebro
355,372.0,54.0,3.0,2.0,2275.66,7.0,Potential Loyalist,2,srebro
356,373.0,240.0,54.0,1.0,7439.4,1.0,Hibernating,0,brąz
357,374.0,824.0,3.0,27.0,32708.8,46.0,Champion,1,złoto
358,375.0,1248.0,5.0,19.0,93521.74,54.0,Champion,1,złoto
359,376.0,120.0,42.0,6.0,2187.76,9.0,At Risk,0,brąz
360,377.0,444.0,3.0,21.0,11420.25,24.0,Champion,1,złoto
361,378.0,385.0,5.0,21.0,12742.92,23.0,Champion,1,złoto
362,379.0,532.0,5.0,15.0,36371.0,23.0,Champion,1,złoto
363,380.0,1504.0,1.0,7.0,165526.77,35.0,Loyal Custome,1,złoto
364,381.0,32.0,7.0,2.0,540.88,4.0,Potential Loyalist,0,brąz
365,382.0,16.0,45.0,1.0,268.12,2.0,Hibernating,0,brąz
366,383.0,1497.0,9.0,19.0,102748.32,45.0,Loyal Custome,1,złoto
367,384.0,25.0,32.0,1.0,283.1,2.0,Hibernating,0,brąz
368,385.0,168.0,10.0,5.0,4111.39,11.0,Potential Loyalist,2,srebro
369,386.0,1816.0,2.0,27.0,26988.78,33.0,Champion,1,złoto
370,388.0,695.0,11.0,14.0,22351.99,33.0,Loyal Custome,1,złoto
371,389.0,175.0,5.0,11.0,6153.52,15.0,Loyal Custome,1,złoto
372,390.0,601.0,3.0,22.0,20533.99,19.0,Champion,1,złoto
373,391.0,74.0,11.0,10.0,979.88,6.0,Uncertain,2,srebro
374,392.0,186.0,5.0,9.0,7121.49,7.0,Loyal Custome,2,srebro
375,393.0,501.0,7.0,26.0,15946.84,18.0,Loyal Custome,1,złoto
376,394.0,681.0,4.0,26.0,40525.02,24.0,Champion,1,złoto
377,395.0,314.0,47.0,7.0,13519.64,21.0,At Risk,2,srebro
378,397.0,10.0,7.0,1.0,395.76,2.0,Potential Loyalist,0,brąz
379,398.0,165.0,4.0,9.0,3953.35,8.0,Loyal Custome,2,srebro
380,399.0,193.0,2.0,9.0,3757.31,11.0,Loyal Custome,1,złoto
381,401.0,61.0,35.0,2.0,3687.29,7.0,Hibernating,0,brąz
382,402.0,30.0,47.0,1.0,256.24,2.0,Hibernating,0,brąz
383,403.0,224.0,7.0,9.0,4270.27,8.0,Loyal Custome,2,srebro
384,404.0,873.0,3.0,24.0,9282.33,13.0,Champion,1,złoto
385,405.0,1566.0,1.0,4.0,169023.92,24.0,Uncertain,1,złoto
386,406.0,10.0,42.0,1.0,58.46,1.0,Hibernating,0,brąz
387,407.0,103.0,6.0,6.0,3486.62,8.0,Potential Loyalist,2,srebro
388,408.0,81.0,32.0,2.0,1254.59,3.0,Hibernating,0,brąz
389,409.0,79.0,7.0,15.0,1550.04,5.0,Uncertain,2,srebro
390,411.0,531.0,5.0,6.0,65949.45,21.0,Uncertain,1,złoto
391,412.0,126.0,7.0,8.0,2524.5,7.0,Potential Loyalist,2,srebro
392,413.0,111.0,5.0,8.0,3603.23,9.0,Loyal Custome,2,srebro
393,414.0,453.0,3.0,9.0,25455.43,22.0,Loyal Custome,1,złoto
394,415.0,79.0,5.0,5.0,1445.92,7.0,Potential Loyalist,2,srebro
395,416.0,9.0,54.0,1.0,59.25,1.0,Hibernating,0,brąz
396,417.0,257.0,5.0,11.0,10279.22,8.0,Loyal Custome,1,złoto
397,418.0,426.0,3.0,17.0,11221.6,13.0,Champion,1,złoto
398,419.0,791.0,5.0,19.0,56997.26,36.0,Champion,1,złoto
399,420.0,902.0,18.0,11.0,65904.96,37.0,Loyal Custome,1,złoto
400,421.0,383.0,7.0,17.0,18309.41,20.0,Loyal Custome,1,złoto
401,422.0,57.0,10.0,13.0,564.5,4.0,Uncertain,2,srebro
402,423.0,12.0,40.0,1.0,283.56,2.0,Hibernating,0,brąz
403,424.0,74.0,69.0,2.0,3956.3,12.0,Hibernating,0,brąz
404,425.0,653.0,5.0,18.0,24928.34,31.0,Champion,1,złoto
405,426.0,453.0,4.0,8.0,18616.23,15.0,Loyal Custome,1,złoto
406,427.0,451.0,4.0,15.0,19719.87,17.0,Champion,1,złoto
407,428.0,193.0,35.0,3.0,3040.86,7.0,Hibernating,0,brąz
408,429.0,1865.0,5.0,28.0,86601.45,59.0,Champion,1,złoto
409,430.0,462.0,5.0,18.0,20905.01,26.0,Champion,1,złoto
410,431.0,229.0,2.0,20.0,5995.59,10.0,Loyal Custome,1,złoto
411,433.0,128.0,5.0,6.0,2105.55,7.0,Potential Loyalist,2,srebro
412,434.0,241.0,6.0,19.0,5052.0,9.0,Loyal Custome,1,złoto
413,435.0,74.0,49.0,4.0,1122.54,5.0,At Risk,0,brąz
414,436.0,124.0,49.0,5.0,1810.72,6.0,At Risk,0,brąz
415,437.0,74.0,6.0,30.0,1506.78,6.0,Uncertain,1,złoto
416,438.0,177.0,6.0,5.0,1553.46,6.0,Potential Loyalist,2,srebro
417,439.0,1910.0,40.0,2.0,2422.77,8.0,Hibernating,0,brąz
418,440.0,14.0,48.0,4.0,126.07,3.0,Hibernating,0,brąz
419,441.0,586.0,2.0,35.0,25558.24,31.0,Champion,1,złoto
420,442.0,38.0,5.0,10.0,349.74,3.0,Potential Loyalist,2,srebro
421,443.0,2239.0,11.0,18.0,188719.19,50.0,Loyal Custome,1,złoto
422,444.0,8.0,41.0,1.0,75.48,1.0,Hibernating,0,brąz
423,445.0,2698.0,6.0,8.0,18910.46,6.0,Loyal Custome,1,złoto
424,446.0,251.0,25.0,12.0,6396.41,12.0,At Risk,2,srebro
425,447.0,234.0,3.0,18.0,6135.49,17.0,Loyal Custome,1,złoto
426,448.0,25.0,11.0,1.0,801.16,4.0,About To Sleep,0,brąz
427,449.0,337.0,4.0,19.0,10834.76,20.0,Champion,1,złoto
428,450.0,323.0,13.0,12.0,8296.07,20.0,Loyal Custome,2,srebro
429,451.0,157.0,18.0,9.0,3905.25,12.0,Loyal Custome,2,srebro
430,452.0,90.0,7.0,9.0,2035.3,8.0,Potential Loyalist,2,srebro
431,453.0,416.0,5.0,11.0,17686.6,27.0,Loyal Custome,1,złoto
432,454.0,448.0,66.0,2.0,40820.38,20.0,Uncertain,0,brąz
433,455.0,474.0,5.0,13.0,23913.99,24.0,Champion,1,złoto
434,456.0,16.0,32.0,3.0,281.0,4.0,Hibernating,0,brąz
435,457.0,286.0,4.0,14.0,2976.59,8.0,Uncertain,1,złoto
436,458.0,132.0,6.0,6.0,3168.52,17.0,Potential Loyalist,2,srebro
437,459.0,50.0,14.0,2.0,356.75,2.0,About To Sleep,0,brąz
438,460.0,26.0,13.0,3.0,489.99,3.0,About To Sleep,0,brąz
439,461.0,266.0,5.0,6.0,21568.99,8.0,Uncertain,1,złoto
440,462.0,2880.0,3.0,9.0,11446.08,1.0,Loyal Custome,1,złoto
441,463.0,505.0,25.0,5.0,8007.42,5.0,At Risk,2,srebro
442,464.0,15.0,42.0,2.0,689.94,5.0,Hibernating,0,brąz
443,465.0,226.0,5.0,8.0,4968.72,15.0,Loyal Custome,2,srebro
444,466.0,194.0,4.0,15.0,4965.93,18.0,Loyal Custome,1,złoto
445,467.0,6.0,14.0,1.0,49.99,1.0,About To Sleep,0,brąz
446,468.0,130.0,3.0,12.0,2930.69,10.0,Uncertain,1,złoto
447,469.0,154.0,12.0,14.0,2645.32,9.0,At Risk,2,srebro
448,470.0,376.0,6.0,14.0,21975.86,31.0,Loyal Custome,1,złoto
449,471.0,171.0,40.0,7.0,4858.63,9.0,At Risk,2,srebro
450,472.0,870.0,33.0,10.0,4833.89,3.0,At Risk,2,srebro
451,473.0,134.0,6.0,7.0,5241.53,14.0,Loyal Custome,2,srebro
452,474.0,183.0,5.0,12.0,4466.03,10.0,Loyal Custome,2,srebro
453,475.0,70.0,12.0,3.0,1661.71,4.0,About To Sleep,2,srebro
454,476.0,12.0,5.0,1.0,107.4,1.0,Potential Loyalist,0,brąz
455,477.0,432.0,4.0,21.0,23142.45,20.0,Champion,1,złoto
456,478.0,851.0,2.0,26.0,30530.76,13.0,Champion,1,złoto
457,480.0,61.0,34.0,2.0,3290.22,8.0,Hibernating,0,brąz
458,481.0,5505.0,41.0,10.0,87831.89,15.0,At Risk,2,srebro
459,482.0,380.0,6.0,13.0,16528.76,21.0,Loyal Custome,1,złoto
460,483.0,271.0,11.0,6.0,2905.96,6.0,Needs Attention,2,srebro
461,484.0,92.0,10.0,2.0,871.2,3.0,Potential Loyalist,0,brąz
462,485.0,171.0,19.0,4.0,7700.66,14.0,Needs Attention,2,srebro
463,486.0,578.0,3.0,37.0,17547.96,27.0,Champion,1,złoto
464,487.0,370.0,7.0,12.0,21693.72,32.0,Loyal Custome,1,złoto
465,488.0,1557.0,3.0,11.0,79169.46,24.0,Loyal Custome,1,złoto
466,489.0,212.0,9.0,11.0,3593.68,17.0,Loyal Custome,2,srebro
467,490.0,47.0,7.0,5.0,776.72,4.0,Potential Loyalist,2,srebro
468,491.0,155.0,4.0,19.0,4336.95,10.0,Loyal Custome,1,złoto
469,492.0,57.0,27.0,5.0,2288.13,10.0,At Risk,2,srebro
470,493.0,36.0,14.0,3.0,322.2,2.0,About To Sleep,0,brąz
471,494.0,30.0,10.0,1.0,203.1,1.0,Potential Loyalist,0,brąz
472,495.0,10.0,33.0,2.0,381.8,2.0,Hibernating,0,brąz
473,496.0,360.0,9.0,8.0,31131.89,20.0,Loyal Custome,1,złoto
474,497.0,419.0,12.0,7.0,17589.11,16.0,Loyal Custome,2,srebro
475,498.0,96.0,2.0,7.0,5026.9,15.0,Loyal Custome,1,złoto
476,499.0,213.0,5.0,8.0,4177.31,14.0,Loyal Custome,2,srebro
477,500.0,63.0,21.0,3.0,1901.06,7.0,About To Sleep,0,brąz
478,501.0,648.0,3.0,26.0,23444.79,40.0,Champion,1,złoto
479,502.0,903.0,4.0,26.0,47556.92,47.0,Champion,1,złoto
480,503.0,69.0,18.0,3.0,1050.7,7.0,About To Sleep,0,brąz
481,504.0,346.0,4.0,22.0,9771.68,23.0,Champion,1,złoto
482,505.0,13.0,10.0,1.0,325.86,2.0,Potential Loyalist,0,brąz
483,506.0,1559.0,2.0,16.0,76179.43,55.0,Champion,1,złoto
484,507.0,197.0,33.0,3.0,3230.55,4.0,Hibernating,0,brąz
485,508.0,132.0,6.0,11.0,4366.29,10.0,Loyal Custome,2,srebro
486,509.0,43.0,5.0,9.0,494.82,7.0,Potential Loyalist,2,srebro
487,510.0,327.0,11.0,11.0,9974.5,16.0,Loyal Custome,2,srebro
488,511.0,292.0,7.0,19.0,10002.14,22.0,Loyal Custome,1,złoto
489,512.0,80.0,55.0,3.0,3372.32,5.0,Hibernating,0,brąz
490,513.0,9.0,4.0,3.0,284.41,4.0,Potential Loyalist,2,srebro
491,514.0,885.0,5.0,17.0,57228.6,45.0,Champion,1,złoto
492,515.0,90.0,41.0,6.0,1678.71,6.0,At Risk,0,brąz
493,516.0,76.0,5.0,8.0,878.37,6.0,Potential Loyalist,2,srebro
494,517.0,1466.0,3.0,16.0,66393.86,58.0,Champion,1,złoto
495,519.0,609.0,7.0,18.0,26350.22,28.0,Loyal Custome,1,złoto
496,520.0,849.0,11.0,6.0,22226.01,16.0,At Risk,2,srebro
497,521.0,183.0,13.0,6.0,2669.25,5.0,Needs Attention,2,srebro
498,522.0,1227.0,4.0,20.0,55441.15,53.0,Champion,1,złoto
499,523.0,257.0,3.0,9.0,11715.4,19.0,Loyal Custome,1,złoto
500,524.0,130.0,19.0,6.0,2640.09,5.0,Needs Attention,2,srebro
501,525.0,437.0,7.0,22.0,7043.44,14.0,Loyal Custome,1,złoto
502,526.0,61.0,12.0,10.0,1216.07,6.0,Needs Attention,2,srebro
503,527.0,373.0,40.0,2.0,8154.03,6.0,Hibernating,0,brąz
504,528.0,323.0,4.0,14.0,12431.73,16.0,Champion,1,złoto
505,529.0,173.0,13.0,9.0,4463.7,7.0,Loyal Custome,2,srebro
506,530.0,738.0,4.0,13.0,41817.35,32.0,Champion,1,złoto
507,531.0,85.0,7.0,9.0,1401.02,8.0,Potential Loyalist,2,srebro
508,532.0,209.0,5.0,17.0,6589.21,14.0,Loyal Custome,1,złoto
509,533.0,278.0,4.0,14.0,9236.72,27.0,Loyal Custome,1,złoto
510,534.0,181.0,11.0,8.0,2517.43,4.0,Needs Attention,2,srebro
511,535.0,997.0,6.0,15.0,54749.65,48.0,Loyal Custome,1,złoto
512,536.0,240.0,47.0,4.0,3199.9,5.0,At Risk,0,brąz
513,537.0,110.0,66.0,2.0,2644.88,5.0,Hibernating,0,brąz
514,538.0,484.0,4.0,10.0,15494.56,19.0,Loyal Custome,1,złoto
515,539.0,335.0,10.0,8.0,2635.55,6.0,Potential Loyalist,2,srebro
516,540.0,520.0,7.0,18.0,12967.55,25.0,Loyal Custome,1,złoto
517,541.0,210.0,4.0,1.0,6576.8,2.0,Potential Loyalist,2,srebro
518,542.0,588.0,12.0,6.0,8729.42,5.0,Needs Attention,2,srebro
519,543.0,618.0,5.0,18.0,8798.27,13.0,Loyal Custome,1,złoto
520,544.0,404.0,2.0,16.0,7054.33,12.0,Loyal Custome,1,złoto
521,545.0,747.0,6.0,3.0,22024.01,9.0,Uncertain,2,srebro
522,546.0,1049.0,1.0,3.0,110299.82,18.0,Uncertain,1,złoto
523,547.0,12.0,5.0,1.0,264.2,2.0,Potential Loyalist,0,brąz
524,548.0,371.0,5.0,1.0,57359.56,47.0,Uncertain,2,srebro
525,549.0,36.0,47.0,1.0,617.98,2.0,Hibernating,0,brąz
526,550.0,92.0,3.0,11.0,1157.63,6.0,Potential Loyalist,2,srebro
527,551.0,262.0,19.0,13.0,6926.8,15.0,Loyal Custome,2,srebro
528,552.0,571.0,3.0,11.0,26524.78,17.0,Loyal Custome,1,złoto
529,553.0,373.0,4.0,11.0,10900.52,13.0,Loyal Custome,1,złoto
530,554.0,80.0,7.0,6.0,2849.74,10.0,Potential Loyalist,2,srebro
531,555.0,1068.0,4.0,11.0,11399.2,9.0,Loyal Custome,1,złoto
532,556.0,60.0,5.0,7.0,1128.76,7.0,Potential Loyalist,2,srebro
533,557.0,8.0,52.0,1.0,58.58,1.0,Hibernating,0,brąz
534,558.0,28.0,7.0,11.0,483.04,5.0,Potential Loyalist,2,srebro
535,559.0,12.0,4.0,1.0,99.98,1.0,Potential Loyalist,0,brąz
536,560.0,188.0,5.0,20.0,2713.91,9.0,Uncertain,1,złoto
537,561.0,140.0,13.0,4.0,5017.42,12.0,Needs Attention,2,srebro
538,562.0,30.0,55.0,1.0,119.23,1.0,Hibernating,0,brąz
539,563.0,320.0,54.0,2.0,8055.23,3.0,Hibernating,0,brąz
540,564.0,92.0,5.0,11.0,1935.21,5.0,Potential Loyalist,2,srebro
541,565.0,110.0,7.0,9.0,2622.74,10.0,Potential Loyalist,2,srebro
542,566.0,120.0,42.0,1.0,436.74,1.0,Hibernating,0,brąz
543,567.0,694.0,5.0,19.0,28333.53,25.0,Champion,1,złoto
544,568.0,994.0,6.0,9.0,65287.82,36.0,Loyal Custome,1,złoto
545,570.0,22.0,46.0,4.0,476.8,3.0,Hibernating,0,brąz
546,571.0,372.0,19.0,9.0,10103.49,13.0,Loyal Custome,2,srebro
547,572.0,21.0,19.0,2.0,119.98,2.0,About To Sleep,0,brąz
548,573.0,28.0,25.0,2.0,355.99,2.0,Hibernating,0,brąz
549,574.0,852.0,5.0,15.0,39359.08,38.0,Champion,1,złoto
550,575.0,895.0,4.0,15.0,126093.42,49.0,Champion,1,złoto
551,576.0,185.0,6.0,14.0,3414.97,8.0,Uncertain,2,srebro
552,577.0,72.0,9.0,2.0,3528.72,7.0,Potential Loyalist,2,srebro
553,578.0,725.0,3.0,15.0,32153.13,36.0,Champion,1,złoto
554,579.0,180.0,5.0,5.0,25266.34,25.0,Uncertain,1,złoto
555,580.0,965.0,5.0,18.0,34462.52,38.0,Champion,1,złoto
556,581.0,2.0,21.0,2.0,15.78,1.0,About To Sleep,0,brąz
557,582.0,385.0,32.0,7.0,19272.65,12.0,At Risk,2,srebro
558,583.0,91.0,7.0,9.0,2187.29,12.0,Potential Loyalist,2,srebro
559,584.0,8.0,28.0,1.0,362.24,2.0,Hibernating,0,brąz
560,585.0,2580.0,4.0,4.0,54926.53,4.0,Uncertain,1,złoto
561,586.0,898.0,11.0,5.0,28946.64,11.0,At Risk,2,srebro
562,587.0,26.0,3.0,2.0,212.14,2.0,Potential Loyalist,2,srebro
563,588.0,64.0,39.0,4.0,648.89,2.0,Hibernating,0,brąz
564,589.0,401.0,18.0,6.0,8114.24,12.0,Needs Attention,2,srebro
565,590.0,194.0,2.0,5.0,12489.9,13.0,Uncertain,1,złoto
566,591.0,148.0,12.0,14.0,1836.72,10.0,At Risk,2,srebro
567,592.0,107.0,6.0,8.0,4001.15,7.0,Loyal Custome,2,srebro
568,594.0,612.0,7.0,11.0,44265.86,36.0,Loyal Custome,1,złoto
569,595.0,1176.0,33.0,13.0,21438.76,31.0,At Risk,2,srebro
570,596.0,46.0,18.0,8.0,723.82,9.0,Uncertain,2,srebro
571,597.0,641.0,5.0,23.0,21728.42,19.0,Champion,1,złoto
572,598.0,182.0,20.0,10.0,3786.27,15.0,Loyal Custome,2,srebro
573,599.0,693.0,5.0,16.0,25026.56,30.0,Champion,1,złoto
574,600.0,533.0,2.0,21.0,9173.21,11.0,Loyal Custome,1,złoto
575,601.0,422.0,4.0,11.0,17958.07,34.0,Loyal Custome,1,złoto
576,602.0,13.0,6.0,2.0,54.55,2.0,Potential Loyalist,0,brąz
577,603.0,266.0,5.0,15.0,14625.99,20.0,Champion,1,złoto
578,604.0,15.0,70.0,1.0,8.22,1.0,Hibernating,0,brąz
579,605.0,12.0,56.0,1.0,113.22,1.0,Hibernating,0,brąz
580,606.0,226.0,42.0,2.0,29800.0,23.0,Uncertain,0,brąz
581,607.0,308.0,9.0,21.0,12031.19,20.0,Loyal Custome,1,złoto
582,608.0,300.0,4.0,2.0,6999.14,3.0,Potential Loyalist,2,srebro
583,609.0,851.0,2.0,13.0,36543.55,22.0,Champion,1,złoto
584,610.0,23.0,28.0,3.0,214.02,3.0,Hibernating,0,brąz
585,611.0,82.0,13.0,7.0,1308.4,5.0,Needs Attention,2,srebro
586,612.0,334.0,27.0,10.0,3516.8,8.0,At Risk,2,srebro
587,613.0,348.0,3.0,10.0,22681.99,17.0,Loyal Custome,1,złoto
588,614.0,802.0,4.0,14.0,42685.6,25.0,Champion,1,złoto
589,615.0,6.0,3.0,1.0,59.04,1.0,Potential Loyalist,0,brąz
590,616.0,59.0,33.0,3.0,1253.43,4.0,Hibernating,0,brąz
591,617.0,153.0,21.0,8.0,2219.76,9.0,Needs Attention,2,srebro
592,618.0,154.0,6.0,4.0,1821.44,5.0,Potential Loyalist,2,srebro
593,619.0,16.0,6.0,4.0,476.17,2.0,Potential Loyalist,2,srebro
594,620.0,100.0,53.0,1.0,389.75,1.0,Hibernating,0,brąz
595,621.0,295.0,7.0,10.0,5459.98,8.0,Loyal Custome,2,srebro
596,622.0,501.0,4.0,11.0,34773.63,29.0,Loyal Custome,1,złoto
597,623.0,319.0,5.0,12.0,9566.5,7.0,Champion,1,złoto
598,624.0,609.0,9.0,2.0,75576.31,20.0,Uncertain,2,srebro
599,625.0,249.0,6.0,1.0,33891.9,21.0,Uncertain,2,srebro
600,626.0,409.0,3.0,22.0,13890.79,12.0,Champion,1,złoto
601,627.0,829.0,5.0,12.0,47589.88,27.0,Champion,1,złoto
602,628.0,6.0,25.0,1.0,49.99,1.0,Hibernating,0,brąz
603,629.0,306.0,3.0,20.0,2669.32,10.0,Uncertain,1,złoto
604,630.0,1788.0,4.0,16.0,24040.96,16.0,Champion,1,złoto
605,631.0,12.0,3.0,2.0,69.34,2.0,Potential Loyalist,0,brąz
606,632.0,180.0,6.0,12.0,6622.84,16.0,Loyal Custome,1,złoto
607,633.0,16.0,58.0,1.0,337.2,3.0,Hibernating,0,brąz
608,634.0,356.0,5.0,20.0,11757.76,25.0,Champion,1,złoto
609,635.0,155.0,12.0,8.0,5097.82,9.0,Loyal Custome,2,srebro
610,636.0,374.0,7.0,19.0,7470.72,7.0,Loyal Custome,1,złoto
611,637.0,117.0,45.0,2.0,1347.36,3.0,Hibernating,0,brąz
612,638.0,37.0,34.0,1.0,2353.96,4.0,Hibernating,0,brąz
613,639.0,419.0,12.0,3.0,47288.16,28.0,Uncertain,2,srebro
614,640.0,297.0,4.0,17.0,7056.07,7.0,Loyal Custome,1,złoto
615,641.0,108.0,13.0,6.0,3748.34,13.0,Needs Attention,2,srebro
616,642.0,960.0,5.0,3.0,5359.8,2.0,Potential Loyalist,2,srebro
617,643.0,270.0,7.0,12.0,17550.35,18.0,Loyal Custome,1,złoto
618,644.0,18.0,48.0,2.0,856.47,2.0,Hibernating,0,brąz
619,645.0,85.0,13.0,4.0,2494.91,9.0,Needs Attention,2,srebro
620,646.0,38.0,39.0,4.0,355.96,3.0,Hibernating,0,brąz
621,648.0,202.0,4.0,10.0,3925.34,13.0,Loyal Custome,2,srebro
622,649.0,417.0,42.0,7.0,26944.74,20.0,At Risk,2,srebro
623,650.0,268.0,5.0,4.0,8330.38,6.0,Potential Loyalist,2,srebro
624,651.0,14.0,5.0,5.0,190.7,5.0,Potential Loyalist,2,srebro
625,653.0,3564.0,4.0,36.0,132322.7,33.0,Champion,1,złoto
626,654.0,224.0,10.0,4.0,18670.41,16.0,Uncertain,2,srebro
627,655.0,255.0,48.0,2.0,1334.37,2.0,Hibernating,0,brąz
628,656.0,495.0,6.0,18.0,14419.81,33.0,Loyal Custome,1,złoto
629,657.0,153.0,10.0,4.0,2103.76,7.0,Potential Loyalist,2,srebro
630,658.0,396.0,7.0,12.0,15963.75,18.0,Loyal Custome,1,złoto
631,659.0,498.0,7.0,24.0,18689.9,24.0,Loyal Custome,1,złoto
632,660.0,111.0,3.0,7.0,3041.54,13.0,Potential Loyalist,2,srebro
633,661.0,298.0,10.0,17.0,7018.58,8.0,Loyal Custome,2,srebro
634,662.0,711.0,3.0,11.0,56469.19,44.0,Loyal Custome,1,złoto
635,663.0,578.0,6.0,13.0,26605.82,32.0,Loyal Custome,1,złoto
636,664.0,82.0,2.0,8.0,1215.63,5.0,Potential Loyalist,2,srebro
637,665.0,4.0,61.0,1.0,37.74,1.0,Hibernating,0,brąz
638,666.0,272.0,6.0,13.0,7558.83,13.0,Loyal Custome,1,złoto
639,667.0,369.0,18.0,16.0,13630.23,22.0,Loyal Custome,2,srebro
640,668.0,465.0,3.0,12.0,20418.93,18.0,Champion,1,złoto
641,670.0,62.0,42.0,8.0,1253.38,7.0,At Risk,2,srebro
642,671.0,8.0,25.0,1.0,96.98,1.0,Hibernating,0,brąz
643,672.0,567.0,4.0,13.0,9852.13,19.0,Champion,1,złoto
644,673.0,661.0,3.0,11.0,23325.34,19.0,Loyal Custome,1,złoto
645,674.0,1648.0,5.0,16.0,161603.86,47.0,Champion,1,złoto
646,675.0,188.0,5.0,12.0,7667.15,8.0,Loyal Custome,1,złoto
647,676.0,323.0,1.0,3.0,12149.47,8.0,Uncertain,1,złoto
648,677.0,366.0,7.0,12.0,21566.29,19.0,Loyal Custome,1,złoto
649,678.0,44.0,35.0,4.0,385.94,3.0,Hibernating,0,brąz
650,679.0,1711.0,12.0,16.0,128976.58,50.0,Loyal Custome,1,złoto
651,680.0,797.0,6.0,11.0,13192.55,13.0,Loyal Custome,1,złoto
652,684.0,190.0,69.0,1.0,3568.1,2.0,Hibernating,0,brąz
653,685.0,282.0,6.0,18.0,8242.13,14.0,Loyal Custome,1,złoto
654,686.0,61.0,3.0,8.0,2173.11,7.0,Potential Loyalist,2,srebro
655,687.0,35.0,3.0,5.0,741.39,6.0,Potential Loyalist,2,srebro
656,688.0,82.0,41.0,3.0,2460.26,5.0,Hibernating,0,brąz
657,690.0,655.0,5.0,14.0,36381.7,34.0,Champion,1,złoto
658,691.0,20.0,54.0,1.0,573.66,3.0,Hibernating,0,brąz
659,692.0,374.0,2.0,32.0,20572.07,17.0,Champion,1,złoto
660,693.0,554.0,21.0,15.0,17710.41,21.0,Loyal Custome,2,srebro
661,694.0,429.0,3.0,10.0,13845.82,25.0,Loyal Custome,1,złoto
662,695.0,18.0,11.0,2.0,192.42,2.0,About To Sleep,0,brąz
663,696.0,41.0,17.0,4.0,894.8,7.0,About To Sleep,0,brąz
664,697.0,49.0,14.0,7.0,373.6,3.0,Uncertain,2,srebro
665,698.0,417.0,7.0,9.0,24404.75,23.0,Loyal Custome,1,złoto
666,699.0,177.0,5.0,14.0,2291.94,11.0,Uncertain,2,srebro
667,700.0,94.0,55.0,2.0,2451.87,4.0,Hibernating,0,brąz
668,701.0,536.0,5.0,13.0,24344.84,25.0,Champion,1,złoto
669,702.0,355.0,7.0,13.0,7441.68,11.0,Loyal Custome,1,złoto
670,703.0,154.0,10.0,4.0,2921.74,8.0,Potential Loyalist,2,srebro
671,704.0,87.0,56.0,5.0,1863.75,6.0,At Risk,0,brąz
672,705.0,2963.0,3.0,41.0,71831.96,43.0,Champion,1,złoto
673,706.0,300.0,4.0,2.0,6999.14,3.0,Potential Loyalist,2,srebro
674,707.0,52.0,12.0,6.0,1131.18,6.0,Needs Attention,2,srebro
675,708.0,153.0,13.0,13.0,2812.06,21.0,At Risk,2,srebro
676,709.0,72.0,5.0,11.0,2695.89,9.0,Potential Loyalist,2,srebro
677,710.0,58.0,40.0,5.0,560.23,6.0,Hibernating,0,brąz
678,711.0,49.0,5.0,7.0,585.05,7.0,Potential Loyalist,2,srebro
679,712.0,410.0,6.0,15.0,12652.32,37.0,Loyal Custome,1,złoto
680,713.0,540.0,16.0,14.0,22534.92,14.0,Loyal Custome,1,złoto
681,714.0,212.0,3.0,11.0,5591.82,15.0,Loyal Custome,1,złoto
682,715.0,931.0,5.0,13.0,31876.83,38.0,Champion,1,złoto
683,716.0,194.0,5.0,8.0,6583.0,13.0,Loyal Custome,2,srebro
684,717.0,799.0,11.0,7.0,13767.12,15.0,Loyal Custome,2,srebro
685,718.0,12.0,6.0,2.0,182.24,2.0,Potential Loyalist,0,brąz
686,719.0,148.0,7.0,15.0,2974.93,12.0,Uncertain,2,srebro
687,720.0,69.0,4.0,6.0,3292.09,9.0,Potential Loyalist,2,srebro
688,721.0,303.0,7.0,5.0,3701.02,9.0,Potential Loyalist,2,srebro
689,722.0,50.0,35.0,3.0,2706.79,7.0,Hibernating,0,brąz
690,724.0,54.0,2.0,3.0,1036.29,3.0,Potential Loyalist,2,srebro
691,725.0,294.0,6.0,12.0,17959.06,25.0,Loyal Custome,1,złoto
692,726.0,39.0,24.0,4.0,689.98,7.0,About To Sleep,0,brąz
693,727.0,607.0,6.0,14.0,9282.66,15.0,Loyal Custome,1,złoto
694,728.0,151.0,10.0,10.0,2500.82,12.0,Potential Loyalist,2,srebro
695,729.0,68.0,2.0,6.0,595.58,2.0,Potential Loyalist,2,srebro
696,730.0,2684.0,46.0,4.0,39361.26,7.0,At Risk,2,srebro
697,731.0,100.0,3.0,2.0,565.69,2.0,Potential Loyalist,2,srebro
698,732.0,946.0,10.0,17.0,28362.6,23.0,Loyal Custome,1,złoto
699,733.0,59.0,30.0,11.0,1214.61,8.0,At Risk,2,srebro
700,734.0,61.0,12.0,10.0,1216.07,6.0,Needs Attention,2,srebro
701,735.0,81.0,5.0,2.0,1303.58,4.0,Potential Loyalist,2,srebro
702,736.0,437.0,11.0,8.0,19620.17,24.0,Loyal Custome,2,srebro
703,737.0,954.0,3.0,26.0,19262.05,32.0,Champion,1,złoto
704,738.0,139.0,7.0,14.0,3339.0,8.0,Uncertain,2,srebro
705,739.0,143.0,7.0,3.0,3724.87,6.0,Potential Loyalist,2,srebro
706,740.0,101.0,9.0,4.0,1965.65,8.0,Potential Loyalist,2,srebro
707,741.0,90.0,3.0,10.0,3868.92,12.0,Loyal Custome,1,złoto
708,742.0,284.0,7.0,11.0,12529.15,15.0,Loyal Custome,1,złoto
709,743.0,4.0,3.0,1.0,37.74,1.0,Potential Loyalist,0,brąz
710,744.0,1169.0,6.0,11.0,83941.07,43.0,Loyal Custome,1,złoto
711,745.0,877.0,3.0,13.0,41848.83,40.0,Champion,1,złoto
712,746.0,432.0,1.0,3.0,13924.72,10.0,Uncertain,1,złoto
713,747.0,1255.0,5.0,14.0,43522.34,45.0,Champion,1,złoto
714,748.0,78.0,4.0,8.0,1275.44,7.0,Potential Loyalist,2,srebro
715,749.0,499.0,4.0,24.0,30801.35,24.0,Champion,1,złoto
716,750.0,243.0,5.0,12.0,8967.4,21.0,Loyal Custome,1,złoto
717,751.0,270.0,7.0,19.0,8006.09,15.0,Loyal Custome,1,złoto
718,752.0,72.0,6.0,9.0,2246.53,11.0,Potential Loyalist,2,srebro
719,753.0,204.0,17.0,7.0,4669.45,16.0,Loyal Custome,2,srebro
720,754.0,35.0,3.0,14.0,483.92,4.0,Uncertain,2,srebro
721,755.0,300.0,4.0,2.0,6999.14,3.0,Potential Loyalist,2,srebro
722,756.0,65.0,7.0,11.0,904.14,7.0,Potential Loyalist,2,srebro
723,757.0,300.0,4.0,2.0,6999.14,3.0,Potential Loyalist,2,srebro
724,758.0,10.0,25.0,1.0,56.03,1.0,Hibernating,0,brąz
725,759.0,839.0,5.0,13.0,64598.08,21.0,Champion,1,złoto
726,760.0,1386.0,4.0,29.0,50410.74,39.0,Champion,1,złoto
727,761.0,352.0,18.0,2.0,13366.85,12.0,Uncertain,2,srebro
728,762.0,29.0,7.0,7.0,415.96,4.0,Potential Loyalist,2,srebro
729,763.0,1259.0,3.0,9.0,67930.2,31.0,Loyal Custome,1,złoto
730,764.0,35.0,2.0,16.0,718.11,7.0,Uncertain,2,srebro
731,765.0,99.0,5.0,2.0,4103.49,7.0,Potential Loyalist,2,srebro
732,766.0,643.0,12.0,13.0,47816.01,38.0,Loyal Custome,1,złoto
733,767.0,680.0,51.0,1.0,3399.66,1.0,Hibernating,0,brąz
734,768.0,115.0,2.0,11.0,3170.0,11.0,Potential Loyalist,1,złoto
735,769.0,572.0,7.0,10.0,43445.58,42.0,Loyal Custome,1,złoto
736,770.0,90.0,41.0,6.0,1589.2,11.0,At Risk,0,brąz
737,771.0,245.0,11.0,4.0,20805.98,21.0,At Risk,2,srebro
738,772.0,749.0,5.0,13.0,45893.69,24.0,Champion,1,złoto
739,773.0,2290.0,2.0,27.0,146511.19,37.0,Champion,1,złoto
740,774.0,1113.0,6.0,18.0,57805.32,30.0,Loyal Custome,1,złoto
741,775.0,53.0,21.0,9.0,1323.2,8.0,Needs Attention,2,srebro
742,776.0,749.0,35.0,7.0,18613.41,14.0,At Risk,2,srebro
743,777.0,713.0,5.0,13.0,44982.08,38.0,Champion,1,złoto
744,778.0,1464.0,5.0,13.0,110315.39,38.0,Champion,1,złoto
745,779.0,1301.0,4.0,13.0,108995.11,50.0,Champion,1,złoto
746,780.0,66.0,5.0,7.0,2775.94,6.0,Potential Loyalist,2,srebro
747,781.0,12.0,33.0,2.0,126.14,2.0,Hibernating,0,brąz
748,782.0,1352.0,5.0,15.0,62524.44,47.0,Champion,1,złoto
749,783.0,304.0,6.0,10.0,5452.0,11.0,Loyal Custome,2,srebro
750,784.0,468.0,4.0,22.0,12570.79,18.0,Champion,1,złoto
751,785.0,639.0,4.0,29.0,16012.14,14.0,Champion,1,złoto
752,786.0,13.0,4.0,2.0,239.32,2.0,Potential Loyalist,2,srebro
753,787.0,24.0,43.0,1.0,195.06,1.0,Hibernating,0,brąz
754,788.0,44.0,5.0,4.0,1145.18,6.0,Potential Loyalist,2,srebro
755,789.0,244.0,4.0,18.0,4869.39,18.0,Loyal Custome,1,złoto
756,790.0,86.0,10.0,13.0,1389.97,10.0,Uncertain,2,srebro
757,791.0,10.0,35.0,1.0,191.52,2.0,Hibernating,0,brąz
758,792.0,235.0,7.0,9.0,4377.9,4.0,Loyal Custome,2,srebro
759,793.0,161.0,62.0,3.0,3226.87,6.0,Hibernating,0,brąz
760,794.0,75.0,24.0,3.0,1360.17,5.0,About To Sleep,0,brąz
761,795.0,73.0,6.0,4.0,2032.24,7.0,Potential Loyalist,2,srebro
762,796.0,1723.0,4.0,29.0,15160.78,27.0,Champion,1,złoto
763,797.0,1238.0,3.0,34.0,24602.59,44.0,Champion,1,złoto
764,798.0,77.0,5.0,6.0,1241.98,6.0,Potential Loyalist,2,srebro
765,799.0,390.0,47.0,3.0,2240.72,3.0,Hibernating,0,brąz
766,800.0,560.0,7.0,14.0,27237.69,32.0,Loyal Custome,1,złoto
767,801.0,364.0,3.0,17.0,10805.85,27.0,Champion,1,złoto
768,802.0,751.0,14.0,16.0,29301.48,30.0,Loyal Custome,1,złoto
769,803.0,40.0,12.0,1.0,2870.8,3.0,About To Sleep,0,brąz
770,804.0,40.0,59.0,1.0,247.98,1.0,Hibernating,0,brąz
771,806.0,170.0,14.0,3.0,1825.74,6.0,About To Sleep,2,srebro
772,807.0,5.0,58.0,1.0,191.7,2.0,Hibernating,0,brąz
773,808.0,187.0,11.0,12.0,6793.07,15.0,Loyal Custome,2,srebro
774,809.0,868.0,3.0,22.0,46744.22,44.0,Champion,1,złoto
775,810.0,6.0,49.0,1.0,49.99,1.0,Hibernating,0,brąz
776,811.0,216.0,47.0,2.0,2068.02,3.0,Hibernating,0,brąz
777,812.0,17.0,23.0,2.0,593.44,4.0,About To Sleep,0,brąz
778,813.0,323.0,6.0,10.0,10230.92,10.0,Loyal Custome,1,złoto
779,814.0,1028.0,7.0,13.0,82215.45,55.0,Loyal Custome,1,złoto
780,815.0,244.0,2.0,12.0,8753.54,21.0,Loyal Custome,1,złoto
781,816.0,59.0,5.0,4.0,1031.92,4.0,Potential Loyalist,2,srebro
782,817.0,62.0,5.0,6.0,554.03,5.0,Potential Loyalist,2,srebro
783,818.0,1376.0,3.0,33.0,73409.21,53.0,Champion,1,złoto
784,819.0,1764.0,7.0,17.0,93410.59,60.0,Loyal Custome,1,złoto
785,820.0,381.0,5.0,12.0,9793.63,8.0,Champion,1,złoto
786,821.0,93.0,7.0,9.0,4375.47,14.0,Loyal Custome,2,srebro
787,822.0,1085.0,5.0,12.0,87560.52,39.0,Champion,1,złoto
788,823.0,652.0,2.0,20.0,19712.18,18.0,Champion,1,złoto
789,824.0,444.0,3.0,23.0,10238.08,15.0,Champion,1,złoto
790,825.0,21.0,42.0,2.0,1208.89,6.0,Hibernating,0,brąz
791,826.0,546.0,5.0,15.0,36921.52,24.0,Champion,1,złoto
792,827.0,1274.0,3.0,15.0,71580.38,48.0,Champion,1,złoto
793,828.0,88.0,52.0,4.0,1526.73,5.0,At Risk,0,brąz
794,830.0,132.0,32.0,2.0,5728.32,5.0,Hibernating,0,brąz
795,831.0,250.0,2.0,15.0,6976.49,18.0,Loyal Custome,1,złoto
796,832.0,448.0,21.0,6.0,2868.52,6.0,Needs Attention,2,srebro
797,833.0,106.0,5.0,10.0,1720.64,7.0,Potential Loyalist,2,srebro
798,834.0,263.0,5.0,13.0,9835.83,8.0,Champion,1,złoto
799,835.0,1432.0,5.0,15.0,137346.23,32.0,Champion,1,złoto
800,836.0,2652.0,25.0,8.0,68881.43,5.0,At Risk,2,srebro
801,837.0,294.0,14.0,10.0,13095.87,20.0,Loyal Custome,2,srebro
802,838.0,133.0,6.0,8.0,1969.6,6.0,Potential Loyalist,2,srebro
803,839.0,106.0,6.0,8.0,5215.4,11.0,Loyal Custome,2,srebro
804,840.0,3021.0,6.0,19.0,244349.05,65.0,Loyal Custome,1,złoto
805,841.0,213.0,12.0,6.0,7665.88,17.0,Needs Attention,2,srebro
806,842.0,15.0,10.0,1.0,278.85,1.0,Potential Loyalist,0,brąz
807,843.0,213.0,12.0,10.0,7188.65,22.0,Loyal Custome,2,srebro
808,844.0,220.0,6.0,9.0,9481.37,9.0,Loyal Custome,2,srebro
809,845.0,192.0,4.0,19.0,3791.97,13.0,Loyal Custome,1,złoto
810,846.0,18.0,47.0,2.0,161.1,1.0,Hibernating,0,brąz
811,847.0,1478.0,4.0,24.0,90326.14,56.0,Champion,1,złoto
812,848.0,75.0,49.0,8.0,874.25,7.0,Uncertain,0,brąz
813,849.0,355.0,5.0,13.0,13288.95,23.0,Champion,1,złoto
814,850.0,375.0,6.0,9.0,16475.31,8.0,Loyal Custome,1,złoto
815,851.0,41.0,5.0,9.0,705.26,7.0,Potential Loyalist,2,srebro
816,852.0,151.0,20.0,3.0,3568.77,4.0,Hibernating,2,srebro
817,853.0,102.0,3.0,6.0,1914.9,8.0,Potential Loyalist,2,srebro
818,854.0,1767.0,5.0,22.0,97272.49,60.0,Champion,1,złoto
819,855.0,188.0,6.0,17.0,6303.24,9.0,Loyal Custome,1,złoto
820,857.0,728.0,5.0,16.0,32955.25,34.0,Champion,1,złoto
821,858.0,140.0,10.0,7.0,4532.66,9.0,Loyal Custome,2,srebro
822,859.0,527.0,4.0,9.0,58293.79,34.0,Loyal Custome,1,złoto
823,860.0,120.0,4.0,3.0,812.4,1.0,Potential Loyalist,2,srebro
824,861.0,1881.0,5.0,16.0,105506.26,59.0,Champion,1,złoto
825,862.0,573.0,5.0,9.0,64052.41,31.0,Loyal Custome,1,złoto
826,863.0,829.0,4.0,24.0,20503.36,15.0,Champion,1,złoto
827,864.0,827.0,6.0,17.0,47474.76,26.0,Loyal Custome,1,złoto
828,865.0,377.0,59.0,4.0,3966.05,6.0,At Risk,0,brąz
829,866.0,451.0,10.0,12.0,21288.87,27.0,Loyal Custome,1,złoto
830,867.0,636.0,5.0,9.0,28069.56,38.0,Loyal Custome,1,złoto
831,869.0,1.0,32.0,1.0,7.89,1.0,Hibernating,0,brąz
832,870.0,580.0,4.0,18.0,14664.93,31.0,Champion,1,złoto
833,871.0,148.0,7.0,11.0,3639.95,13.0,Loyal Custome,2,srebro
834,872.0,653.0,6.0,12.0,31333.94,15.0,Loyal Custome,1,złoto
835,873.0,64.0,13.0,12.0,1060.49,7.0,At Risk,2,srebro
836,874.0,1259.0,7.0,17.0,52100.2,43.0,Loyal Custome,1,złoto
837,875.0,356.0,3.0,24.0,9277.15,13.0,Loyal Custome,1,złoto
838,876.0,150.0,5.0,6.0,3720.72,4.0,Potential Loyalist,2,srebro
839,877.0,10.0,17.0,2.0,197.88,2.0,About To Sleep,0,brąz
840,878.0,355.0,4.0,13.0,22050.02,15.0,Champion,1,złoto
841,880.0,300.0,4.0,2.0,6999.14,3.0,Potential Loyalist,2,srebro
842,881.0,78.0,48.0,4.0,3660.77,8.0,At Risk,0,brąz
843,882.0,300.0,4.0,2.0,6999.14,3.0,Potential Loyalist,2,srebro
844,883.0,30.0,6.0,3.0,892.01,8.0,Potential Loyalist,2,srebro
845,884.0,781.0,4.0,10.0,39485.52,35.0,Loyal Custome,1,złoto
846,885.0,4.0,17.0,1.0,37.74,1.0,About To Sleep,0,brąz
847,886.0,1100.0,2.0,28.0,52876.97,41.0,Champion,1,złoto
848,887.0,33.0,32.0,6.0,651.37,5.0,Hibernating,0,brąz
849,888.0,246.0,1.0,3.0,10788.36,8.0,Uncertain,1,złoto
850,889.0,168.0,3.0,2.0,10348.39,11.0,Uncertain,2,srebro
851,890.0,77.0,5.0,8.0,1588.25,7.0,Potential Loyalist,2,srebro
852,891.0,189.0,17.0,5.0,1307.49,5.0,Needs Attention,2,srebro
853,892.0,72.0,11.0,2.0,1231.36,4.0,About To Sleep,0,brąz
854,893.0,39.0,13.0,2.0,1208.82,4.0,About To Sleep,0,brąz
855,894.0,636.0,4.0,21.0,21218.35,30.0,Champion,1,złoto
856,895.0,1070.0,48.0,4.0,110996.1,39.0,At Risk,2,srebro
857,896.0,130.0,4.0,4.0,1805.7,7.0,Potential Loyalist,2,srebro
858,897.0,762.0,5.0,18.0,27480.2,33.0,Champion,1,złoto
859,898.0,309.0,7.0,9.0,26561.31,26.0,Loyal Custome,1,złoto
860,899.0,430.0,3.0,14.0,9691.09,12.0,Champion,1,złoto
861,900.0,160.0,2.0,12.0,1826.9,4.0,Uncertain,1,złoto
862,901.0,407.0,3.0,8.0,18689.3,19.0,Loyal Custome,1,złoto
863,902.0,113.0,33.0,7.0,2853.13,8.0,At Risk,2,srebro
864,904.0,8.0,39.0,1.0,58.58,1.0,Hibernating,0,brąz
865,905.0,137.0,5.0,7.0,6971.09,14.0,Loyal Custome,2,srebro
866,907.0,682.0,5.0,14.0,28299.73,29.0,Champion,1,złoto
867,908.0,68.0,3.0,4.0,1765.06,9.0,Potential Loyalist,2,srebro
868,909.0,1106.0,7.0,20.0,76640.95,55.0,Loyal Custome,1,złoto
869,910.0,242.0,7.0,16.0,3942.26,13.0,Loyal Custome,2,srebro
870,911.0,402.0,4.0,37.0,10581.29,14.0,Champion,1,złoto
871,912.0,82.0,41.0,3.0,2460.26,5.0,Hibernating,0,brąz
872,913.0,180.0,63.0,1.0,3196.5,2.0,Hibernating,0,brąz
873,914.0,310.0,6.0,16.0,8161.62,11.0,Loyal Custome,1,złoto
874,915.0,158.0,46.0,4.0,1697.56,4.0,At Risk,0,brąz
875,916.0,1342.0,3.0,24.0,64935.49,55.0,Champion,1,złoto
876,917.0,980.0,3.0,16.0,38342.38,36.0,Champion,1,złoto
877,918.0,126.0,5.0,7.0,4173.97,12.0,Loyal Custome,2,srebro
878,919.0,190.0,3.0,8.0,10416.61,15.0,Loyal Custome,1,złoto
879,920.0,204.0,7.0,11.0,8821.47,13.0,Loyal Custome,2,srebro
880,921.0,89.0,28.0,5.0,2508.17,7.0,At Risk,2,srebro
881,922.0,305.0,2.0,18.0,6989.82,12.0,Loyal Custome,1,złoto
882,923.0,14.0,47.0,1.0,223.64,2.0,Hibernating,0,brąz
883,924.0,124.0,4.0,10.0,3114.92,10.0,Potential Loyalist,2,srebro
884,925.0,352.0,3.0,13.0,8001.38,18.0,Loyal Custome,1,złoto
885,926.0,230.0,4.0,6.0,8846.23,14.0,Potential Loyalist,2,srebro
886,927.0,243.0,7.0,18.0,6652.88,23.0,Loyal Custome,1,złoto
887,928.0,143.0,23.0,2.0,7033.32,10.0,Hibernating,0,brąz
888,929.0,130.0,21.0,4.0,9006.19,12.0,Needs Attention,2,srebro
889,930.0,1277.0,6.0,26.0,66846.79,41.0,Loyal Custome,1,złoto
890,931.0,268.0,6.0,3.0,2000.76,3.0,Potential Loyalist,2,srebro
891,932.0,72.0,19.0,5.0,646.65,7.0,About To Sleep,0,brąz
892,933.0,100.0,12.0,8.0,3086.02,10.0,Needs Attention,2,srebro
893,934.0,3851.0,3.0,31.0,233777.88,41.0,Champion,1,złoto
894,935.0,169.0,9.0,12.0,3301.53,10.0,Uncertain,2,srebro
895,936.0,28.0,12.0,5.0,737.9,5.0,About To Sleep,2,srebro
896,937.0,124.0,10.0,11.0,3399.75,7.0,Potential Loyalist,2,srebro
897,938.0,1460.0,3.0,10.0,65198.32,45.0,Loyal Custome,1,złoto
898,939.0,726.0,4.0,14.0,14903.21,21.0,Champion,1,złoto
899,940.0,144.0,3.0,1.0,695.76,1.0,Potential Loyalist,0,brąz
900,943.0,10.0,17.0,5.0,159.33,3.0,About To Sleep,0,brąz
901,944.0,273.0,3.0,35.0,3827.59,15.0,Loyal Custome,1,złoto
902,945.0,262.0,13.0,11.0,8513.0,7.0,Loyal Custome,2,srebro
903,946.0,395.0,6.0,14.0,17208.6,23.0,Loyal Custome,1,złoto
904,947.0,353.0,7.0,19.0,10957.61,27.0,Loyal Custome,1,złoto
905,948.0,90.0,11.0,13.0,8631.27,23.0,Loyal Custome,2,srebro
906,949.0,146.0,4.0,10.0,1076.9,5.0,Potential Loyalist,2,srebro
907,950.0,10.0,21.0,2.0,112.66,2.0,About To Sleep,0,brąz
908,951.0,1401.0,12.0,15.0,167885.56,55.0,Loyal Custome,1,złoto
909,952.0,192.0,4.0,21.0,3447.44,11.0,Uncertain,1,złoto
910,953.0,189.0,1.0,3.0,6876.27,5.0,Potential Loyalist,1,złoto
911,954.0,60.0,5.0,1.0,299.97,1.0,Potential Loyalist,0,brąz
912,955.0,642.0,4.0,13.0,21839.95,30.0,Champion,1,złoto
913,956.0,158.0,7.0,19.0,2841.52,15.0,Uncertain,2,srebro
914,957.0,390.0,4.0,16.0,15809.28,22.0,Champion,1,złoto
915,958.0,243.0,23.0,11.0,11247.9,21.0,Loyal Custome,2,srebro
916,959.0,194.0,4.0,6.0,3804.65,10.0,Potential Loyalist,2,srebro
917,960.0,62.0,48.0,2.0,235.6,1.0,Hibernating,0,brąz
918,961.0,986.0,5.0,13.0,55384.84,40.0,Champion,1,złoto
919,962.0,307.0,10.0,21.0,9710.89,26.0,Loyal Custome,1,złoto
920,963.0,492.0,3.0,24.0,12157.08,37.0,Champion,1,złoto
921,964.0,60.0,10.0,8.0,1273.4,8.0,Potential Loyalist,2,srebro
922,965.0,20.0,61.0,1.0,112.06,1.0,Hibernating,0,brąz
923,966.0,266.0,2.0,13.0,4043.96,6.0,Loyal Custome,1,złoto
924,968.0,21.0,17.0,14.0,395.19,5.0,Uncertain,2,srebro
925,969.0,313.0,28.0,10.0,19130.5,28.0,At Risk,2,srebro
926,970.0,1.0,32.0,1.0,7.29,1.0,Hibernating,0,brąz
927,971.0,197.0,11.0,16.0,2377.08,15.0,At Risk,2,srebro
928,972.0,699.0,3.0,11.0,31420.29,19.0,Loyal Custome,1,złoto
929,973.0,391.0,10.0,22.0,11226.3,18.0,Loyal Custome,1,złoto
930,974.0,705.0,7.0,19.0,25141.43,36.0,Loyal Custome,1,złoto
931,975.0,1306.0,42.0,7.0,176922.55,32.0,At Risk,2,srebro
932,976.0,202.0,3.0,26.0,3318.11,13.0,Uncertain,1,złoto
933,977.0,15.0,3.0,1.0,70.39,1.0,Potential Loyalist,0,brąz
934,978.0,135.0,7.0,6.0,2822.96,8.0,Potential Loyalist,2,srebro
935,979.0,1465.0,3.0,20.0,119739.13,41.0,Champion,1,złoto
936,981.0,110.0,4.0,11.0,2338.45,10.0,Potential Loyalist,2,srebro
937,982.0,508.0,6.0,18.0,21756.97,28.0,Loyal Custome,1,złoto
938,983.0,217.0,4.0,15.0,6566.83,14.0,Loyal Custome,1,złoto
939,984.0,914.0,5.0,19.0,47947.85,36.0,Champion,1,złoto
940,985.0,141.0,13.0,5.0,803.34,5.0,About To Sleep,2,srebro
941,986.0,385.0,6.0,14.0,7040.68,16.0,Loyal Custome,1,złoto
942,987.0,204.0,11.0,2.0,7303.2,4.0,Hibernating,2,srebro
943,988.0,195.0,53.0,5.0,9492.33,3.0,At Risk,2,srebro
944,989.0,176.0,1.0,3.0,6611.06,8.0,Potential Loyalist,1,złoto
945,990.0,170.0,4.0,12.0,4606.59,15.0,Loyal Custome,1,złoto
946,991.0,168.0,13.0,7.0,3126.58,7.0,Needs Attention,2,srebro
947,992.0,1230.0,5.0,33.0,50437.95,29.0,Champion,1,złoto
948,993.0,89.0,2.0,20.0,2293.18,7.0,Uncertain,1,złoto
949,994.0,176.0,34.0,8.0,14005.62,19.0,At Risk,2,srebro
950,995.0,628.0,6.0,12.0,37634.5,16.0,Loyal Custome,1,złoto
951,996.0,1012.0,6.0,13.0,49065.75,32.0,Loyal Custome,1,złoto
952,997.0,415.0,12.0,5.0,20737.35,20.0,At Risk,2,srebro
953,998.0,62.0,4.0,5.0,1514.38,10.0,Potential Loyalist,2,srebro
954,999.0,99.0,5.0,4.0,4879.3,10.0,Potential Loyalist,2,srebro
955,1000.0,28.0,5.0,5.0,263.72,2.0,Potential Loyalist,2,srebro
956,1001.0,196.0,6.0,10.0,2258.38,5.0,Potential Loyalist,2,srebro
957,1002.0,153.0,4.0,12.0,2021.12,8.0,Uncertain,2,srebro
958,1003.0,263.0,7.0,22.0,5131.0,20.0,Loyal Custome,1,złoto
959,1004.0,77.0,3.0,9.0,1626.9,5.0,Potential Loyalist,2,srebro
960,1005.0,6.0,32.0,1.0,59.04,1.0,Hibernating,0,brąz
961,1006.0,101.0,5.0,7.0,4327.82,11.0,Loyal Custome,2,srebro
962,1007.0,647.0,2.0,19.0,24822.38,23.0,Champion,1,złoto
963,1008.0,391.0,3.0,12.0,12183.13,24.0,Champion,1,złoto
964,1009.0,18.0,4.0,2.0,413.28,3.0,Potential Loyalist,2,srebro
965,1010.0,870.0,3.0,24.0,38000.18,33.0,Champion,1,złoto
966,1011.0,1106.0,7.0,14.0,98750.65,56.0,Loyal Custome,1,złoto
967,1012.0,515.0,10.0,7.0,31714.6,31.0,Loyal Custome,2,srebro
968,1013.0,97.0,5.0,9.0,2268.02,12.0,Potential Loyalist,2,srebro
969,1014.0,413.0,11.0,9.0,32792.93,26.0,Loyal Custome,1,złoto
970,1015.0,8.0,55.0,1.0,75.48,1.0,Hibernating,0,brąz
971,1016.0,894.0,3.0,18.0,31481.53,41.0,Champion,1,złoto
972,1017.0,20.0,56.0,1.0,188.7,1.0,Hibernating,0,brąz
973,1018.0,158.0,24.0,9.0,3184.62,9.0,Needs Attention,2,srebro
974,1019.0,1832.0,4.0,37.0,54592.49,58.0,Champion,1,złoto
975,1020.0,73.0,14.0,7.0,1117.58,7.0,Needs Attention,2,srebro
976,1021.0,269.0,6.0,9.0,9854.03,15.0,Loyal Custome,2,srebro
977,1022.0,293.0,20.0,4.0,25942.7,12.0,At Risk,2,srebro
978,1023.0,212.0,16.0,11.0,3999.01,14.0,Loyal Custome,2,srebro
979,1024.0,488.0,12.0,15.0,25444.51,19.0,Loyal Custome,1,złoto
980,1025.0,785.0,2.0,25.0,48644.0,40.0,Champion,1,złoto
981,1026.0,252.0,2.0,7.0,11392.71,23.0,Loyal Custome,1,złoto
982,1027.0,8.0,48.0,1.0,75.48,1.0,Hibernating,0,brąz
983,1028.0,227.0,11.0,5.0,2316.7,7.0,Needs Attention,2,srebro
984,1029.0,80.0,25.0,5.0,768.58,2.0,Hibernating,0,brąz
985,1030.0,1512.0,18.0,13.0,85145.21,40.0,Loyal Custome,1,złoto
986,1031.0,15.0,10.0,1.0,278.85,1.0,Potential Loyalist,0,brąz
987,1032.0,564.0,3.0,9.0,33983.72,21.0,Loyal Custome,1,złoto
988,1033.0,235.0,10.0,15.0,6655.41,19.0,Loyal Custome,2,srebro
989,1034.0,231.0,30.0,7.0,9238.58,13.0,At Risk,2,srebro
990,1035.0,286.0,3.0,8.0,7986.46,18.0,Loyal Custome,1,złoto
991,1036.0,244.0,2.0,13.0,7112.0,17.0,Loyal Custome,1,złoto
992,1037.0,203.0,4.0,12.0,7528.02,17.0,Loyal Custome,1,złoto
993,1039.0,1122.0,4.0,17.0,95439.7,37.0,Champion,1,złoto
994,1040.0,465.0,7.0,16.0,33621.13,14.0,Loyal Custome,1,złoto
995,1041.0,176.0,18.0,4.0,1672.88,2.0,Needs Attention,2,srebro
996,1042.0,78.0,4.0,4.0,1469.1,4.0,Potential Loyalist,2,srebro
997,1043.0,169.0,4.0,5.0,3830.8,12.0,Potential Loyalist,2,srebro
998,1044.0,976.0,5.0,19.0,96728.61,49.0,Champion,1,złoto
999,1045.0,192.0,25.0,9.0,6048.68,9.0,At Risk,2,srebro
1000,1046.0,60.0,42.0,1.0,1074.0,2.0,Hibernating,0,brąz
1001,1047.0,97.0,5.0,24.0,1467.54,6.0,Uncertain,2,srebro
1002,1048.0,8614.0,3.0,32.0,162014.88,49.0,Champion,1,złoto
1003,1049.0,553.0,6.0,19.0,28819.56,19.0,Loyal Custome,1,złoto
1004,1050.0,246.0,3.0,15.0,5858.7,25.0,Loyal Custome,1,złoto
1005,1051.0,89.0,34.0,3.0,6725.17,8.0,Hibernating,0,brąz
1006,1052.0,133.0,4.0,12.0,2416.52,18.0,Uncertain,2,srebro
1007,1053.0,76.0,46.0,2.0,1315.12,5.0,Hibernating,0,brąz
1008,1054.0,62.0,45.0,3.0,1227.16,4.0,Hibernating,0,brąz
1009,1055.0,327.0,5.0,19.0,9823.36,9.0,Champion,1,złoto
1010,1056.0,162.0,3.0,12.0,4452.96,11.0,Loyal Custome,1,złoto
1011,1057.0,158.0,5.0,6.0,8108.84,13.0,Potential Loyalist,2,srebro
1012,1058.0,15.0,32.0,9.0,248.31,3.0,Uncertain,0,brąz
1013,1059.0,2793.0,3.0,36.0,97813.02,40.0,Champion,1,złoto
1014,1060.0,100.0,4.0,8.0,781.14,5.0,Potential Loyalist,2,srebro
1015,1061.0,30.0,51.0,2.0,665.25,5.0,Hibernating,0,brąz
1016,1062.0,217.0,2.0,13.0,5909.07,20.0,Loyal Custome,1,złoto
1017,1063.0,700.0,2.0,17.0,17014.43,18.0,Champion,1,złoto
1018,1064.0,979.0,1.0,3.0,113190.15,23.0,Uncertain,1,złoto
1019,1065.0,2089.0,6.0,23.0,42282.5,30.0,Loyal Custome,1,złoto
1020,1066.0,50.0,44.0,3.0,1165.04,6.0,Hibernating,0,brąz
1021,1067.0,291.0,6.0,8.0,8737.86,14.0,Loyal Custome,2,srebro
1022,1069.0,228.0,53.0,5.0,13096.14,13.0,At Risk,2,srebro
1023,1070.0,628.0,5.0,15.0,24569.16,38.0,Champion,1,złoto
1024,1071.0,475.0,4.0,12.0,23768.47,34.0,Champion,1,złoto
1025,1072.0,26.0,51.0,2.0,444.21,4.0,Hibernating,0,brąz
1026,1073.0,270.0,5.0,9.0,8038.11,12.0,Loyal Custome,1,złoto
1027,1074.0,6615.0,63.0,1.0,112525.56,1.0,Uncertain,0,brąz
1028,1075.0,366.0,35.0,6.0,20434.58,22.0,At Risk,2,srebro
1029,1076.0,240.0,9.0,16.0,5348.36,9.0,Loyal Custome,2,srebro
1030,1077.0,418.0,11.0,10.0,5261.06,7.0,Loyal Custome,2,srebro
1031,1078.0,117.0,3.0,5.0,1669.98,6.0,Potential Loyalist,2,srebro
1032,1079.0,114.0,11.0,6.0,6975.28,14.0,Needs Attention,2,srebro
1033,1080.0,144.0,5.0,7.0,2206.99,13.0,Potential Loyalist,2,srebro
1034,1081.0,46.0,32.0,2.0,2872.58,7.0,Hibernating,0,brąz
1035,1082.0,13.0,16.0,3.0,163.33,3.0,About To Sleep,0,brąz
1036,1083.0,30.0,5.0,3.0,737.92,3.0,Potential Loyalist,2,srebro
1037,1084.0,10.0,44.0,2.0,56.03,1.0,Hibernating,0,brąz
1038,1085.0,272.0,4.0,21.0,10164.34,20.0,Champion,1,złoto
1039,1086.0,338.0,3.0,18.0,9953.41,22.0,Champion,1,złoto
1040,1087.0,440.0,4.0,11.0,13196.09,34.0,Loyal Custome,1,złoto
1041,1088.0,225.0,16.0,7.0,11653.89,26.0,Loyal Custome,2,srebro
1042,1089.0,90.0,45.0,1.0,422.34,1.0,Hibernating,0,brąz
1043,1090.0,149.0,5.0,5.0,2851.55,12.0,Potential Loyalist,2,srebro
1044,1091.0,1263.0,6.0,14.0,110135.77,53.0,Loyal Custome,1,złoto
1045,1092.0,315.0,1.0,3.0,10620.18,7.0,Uncertain,1,złoto
1046,1093.0,258.0,1.0,2.0,20117.64,12.0,Uncertain,1,złoto
1047,1094.0,176.0,56.0,3.0,2385.92,4.0,Hibernating,0,brąz
1048,1095.0,497.0,11.0,11.0,42589.55,26.0,Loyal Custome,1,złoto
1049,1096.0,132.0,47.0,3.0,4405.83,1.0,Hibernating,0,brąz
1050,1097.0,36.0,11.0,4.0,525.56,4.0,About To Sleep,2,srebro
1051,1098.0,199.0,6.0,17.0,4413.81,14.0,Loyal Custome,1,złoto
1052,1099.0,80.0,35.0,5.0,1828.36,6.0,At Risk,0,brąz
1053,1100.0,1348.0,5.0,19.0,56425.56,42.0,Champion,1,złoto
1054,1101.0,1339.0,4.0,12.0,134069.6,52.0,Champion,1,złoto
1055,1102.0,8.0,23.0,2.0,79.28,2.0,About To Sleep,0,brąz
1056,1103.0,311.0,6.0,15.0,4327.48,9.0,Loyal Custome,2,srebro
1057,1104.0,262.0,13.0,11.0,8513.0,7.0,Loyal Custome,2,srebro
1058,1106.0,220.0,3.0,8.0,6380.17,9.0,Loyal Custome,1,złoto
1059,1107.0,134.0,35.0,3.0,20186.64,24.0,Uncertain,2,srebro
1060,1108.0,4.0,41.0,1.0,49.99,1.0,Hibernating,0,brąz
1061,1109.0,64.0,5.0,15.0,1106.94,5.0,Uncertain,2,srebro
1062,1110.0,48.0,46.0,3.0,644.4,2.0,Hibernating,0,brąz
1063,1111.0,1193.0,3.0,13.0,40797.78,19.0,Champion,1,złoto
1064,1112.0,818.0,5.0,10.0,69127.49,40.0,Loyal Custome,1,złoto
1065,1113.0,1423.0,33.0,11.0,36207.39,28.0,At Risk,2,srebro
1066,1114.0,159.0,5.0,11.0,5986.9,11.0,Loyal Custome,1,złoto
1067,1115.0,48.0,51.0,1.0,1034.76,2.0,Hibernating,0,brąz
1068,1116.0,112.0,10.0,4.0,3237.85,12.0,Potential Loyalist,2,srebro
1069,1117.0,28.0,20.0,3.0,353.81,4.0,About To Sleep,0,brąz
1070,1118.0,30.0,20.0,1.0,169.0,1.0,About To Sleep,0,brąz
1071,1119.0,10.0,33.0,1.0,78.9,1.0,Hibernating,0,brąz
1072,1120.0,9218.0,3.0,19.0,504995.78,9.0,Champion,1,złoto
1073,1121.0,140.0,39.0,11.0,1454.78,3.0,At Risk,2,srebro
1074,1122.0,207.0,1.0,2.0,7168.8,6.0,Potential Loyalist,2,srebro
1075,1123.0,712.0,4.0,18.0,20274.49,32.0,Champion,1,złoto
1076,1125.0,155.0,14.0,2.0,11225.2,15.0,Uncertain,2,srebro
1077,1126.0,397.0,4.0,14.0,7659.55,14.0,Loyal Custome,1,złoto
1078,1127.0,849.0,5.0,12.0,63934.51,36.0,Champion,1,złoto
1079,1128.0,56.0,4.0,6.0,872.4,8.0,Potential Loyalist,2,srebro
1080,1129.0,52.0,65.0,1.0,1319.61,3.0,Hibernating,0,brąz
1081,1130.0,5034.0,3.0,18.0,191631.98,5.0,Champion,1,złoto
1082,1131.0,84.0,41.0,2.0,1048.08,2.0,Hibernating,0,brąz
1083,1133.0,30.0,9.0,3.0,455.58,4.0,Potential Loyalist,0,brąz
1084,1134.0,362.0,4.0,12.0,8510.43,29.0,Loyal Custome,1,złoto
1085,1135.0,432.0,5.0,5.0,4374.06,4.0,Potential Loyalist,2,srebro
1086,1136.0,232.0,5.0,10.0,2758.86,9.0,Potential Loyalist,2,srebro
1087,1137.0,1321.0,4.0,20.0,97847.34,55.0,Champion,1,złoto
1088,1138.0,360.0,5.0,1.0,3196.2,2.0,Potential Loyalist,2,srebro
1089,1139.0,450.0,13.0,8.0,21473.15,12.0,Loyal Custome,2,srebro
1090,1140.0,6.0,33.0,4.0,90.04,4.0,Hibernating,0,brąz
1091,1141.0,1356.0,27.0,8.0,13511.25,5.0,At Risk,2,srebro
1092,1142.0,24.0,18.0,2.0,343.6,2.0,About To Sleep,0,brąz
1093,1143.0,1459.0,3.0,5.0,43863.91,9.0,Uncertain,1,złoto
1094,1144.0,36.0,5.0,1.0,243.72,1.0,Potential Loyalist,0,brąz
1095,1145.0,18.0,54.0,1.0,363.9,2.0,Hibernating,0,brąz
1096,1147.0,87.0,3.0,9.0,904.23,9.0,Potential Loyalist,2,srebro
1097,1148.0,1082.0,4.0,25.0,44046.26,49.0,Champion,1,złoto
1098,1149.0,382.0,14.0,3.0,16046.28,13.0,Uncertain,2,srebro
1099,1150.0,2191.0,7.0,35.0,55522.8,34.0,Loyal Custome,1,złoto
1100,1151.0,480.0,59.0,1.0,18115.2,1.0,Uncertain,0,brąz
1101,1152.0,12.0,18.0,1.0,80.92,1.0,About To Sleep,0,brąz
1102,1153.0,293.0,7.0,17.0,9604.72,26.0,Loyal Custome,1,złoto
1103,1154.0,1737.0,1.0,3.0,288184.8,31.0,Uncertain,1,złoto
1104,1155.0,373.0,21.0,7.0,11470.05,15.0,Loyal Custome,2,srebro
1105,1156.0,114.0,5.0,10.0,1149.64,5.0,Potential Loyalist,2,srebro
1106,1157.0,310.0,2.0,13.0,7992.37,19.0,Loyal Custome,1,złoto
1107,1158.0,12.0,25.0,1.0,113.22,1.0,Hibernating,0,brąz
1108,1159.0,36.0,19.0,2.0,333.84,2.0,About To Sleep,0,brąz
1109,1160.0,2246.0,2.0,38.0,74885.76,28.0,Champion,1,złoto
1110,1161.0,1089.0,10.0,5.0,10194.42,4.0,Uncertain,2,srebro
1111,1162.0,36.0,68.0,2.0,400.88,4.0,Hibernating,0,brąz
1112,1163.0,432.0,10.0,24.0,8707.73,19.0,Loyal Custome,1,złoto
1113,1164.0,302.0,4.0,20.0,5958.22,22.0,Loyal Custome,1,złoto
1114,1165.0,300.0,56.0,1.0,1061.0,1.0,Hibernating,0,brąz
1115,1166.0,821.0,2.0,26.0,44719.84,50.0,Champion,1,złoto
1116,1167.0,128.0,47.0,2.0,2576.78,5.0,Hibernating,0,brąz
1117,1168.0,45.0,2.0,8.0,1141.25,7.0,Potential Loyalist,2,srebro
1118,1169.0,267.0,3.0,5.0,15188.27,18.0,Uncertain,1,złoto
1119,1170.0,661.0,3.0,7.0,14880.97,4.0,Loyal Custome,1,złoto
1120,1171.0,297.0,2.0,16.0,6849.99,18.0,Loyal Custome,1,złoto
1121,1172.0,151.0,11.0,5.0,3891.41,9.0,Needs Attention,2,srebro
1122,1173.0,1380.0,7.0,14.0,42870.28,43.0,Loyal Custome,1,złoto
1123,1174.0,129.0,21.0,5.0,5066.4,11.0,Needs Attention,2,srebro
1124,1176.0,856.0,3.0,30.0,21112.61,14.0,Champion,1,złoto
1125,1178.0,135.0,48.0,3.0,8127.54,15.0,Hibernating,0,brąz
1126,1179.0,201.0,6.0,6.0,2549.52,7.0,Potential Loyalist,2,srebro
1127,1180.0,3.0,66.0,1.0,55.77,1.0,Hibernating,0,brąz
1128,1181.0,1565.0,3.0,28.0,40911.66,27.0,Champion,1,złoto
1129,1182.0,15.0,23.0,6.0,277.98,4.0,About To Sleep,0,brąz
1130,1183.0,104.0,4.0,3.0,2134.99,3.0,Potential Loyalist,2,srebro
1131,1185.0,607.0,10.0,10.0,33984.16,35.0,Loyal Custome,1,złoto
1132,1186.0,133.0,45.0,5.0,3967.56,10.0,At Risk,0,brąz
1133,1187.0,15.0,32.0,1.0,278.85,1.0,Hibernating,0,brąz
1134,1188.0,341.0,7.0,16.0,16562.91,16.0,Loyal Custome,1,złoto
1135,1189.0,653.0,3.0,16.0,32147.22,44.0,Champion,1,złoto
1136,1190.0,125.0,11.0,3.0,1405.94,4.0,About To Sleep,2,srebro
1137,1191.0,198.0,12.0,3.0,16733.52,18.0,Uncertain,2,srebro
1138,1192.0,196.0,4.0,13.0,5602.71,14.0,Loyal Custome,1,złoto
1139,1193.0,153.0,5.0,10.0,3675.1,12.0,Loyal Custome,2,srebro
1140,1194.0,80.0,10.0,8.0,1667.75,3.0,Potential Loyalist,2,srebro
1141,1195.0,7249.0,3.0,20.0,179399.23,24.0,Champion,1,złoto
1142,1196.0,50.0,2.0,12.0,698.14,2.0,Uncertain,2,srebro
1143,1197.0,355.0,3.0,19.0,8680.32,13.0,Loyal Custome,1,złoto
1144,1198.0,362.0,4.0,6.0,35609.73,26.0,Uncertain,1,złoto
1145,1199.0,441.0,1.0,3.0,21790.37,10.0,Uncertain,1,złoto
1146,1200.0,823.0,3.0,24.0,43845.59,24.0,Champion,1,złoto
1147,1201.0,48.0,6.0,12.0,1239.02,5.0,Uncertain,2,srebro
1148,1202.0,114.0,13.0,12.0,1782.13,9.0,At Risk,2,srebro
1149,1203.0,24.0,49.0,2.0,402.11,2.0,Hibernating,0,brąz
1150,1204.0,259.0,7.0,15.0,10074.93,26.0,Loyal Custome,1,złoto
1151,1205.0,635.0,3.0,13.0,61436.34,30.0,Champion,1,złoto
1152,1206.0,246.0,10.0,12.0,3554.5,12.0,Loyal Custome,2,srebro
1153,1207.0,90.0,34.0,4.0,939.96,3.0,Hibernating,0,brąz
1154,1208.0,153.0,62.0,3.0,2783.03,6.0,Hibernating,0,brąz
1155,1209.0,697.0,6.0,17.0,16065.55,29.0,Loyal Custome,1,złoto
1156,1211.0,231.0,17.0,5.0,12382.92,23.0,At Risk,2,srebro
1157,1212.0,12.0,46.0,1.0,149.97,1.0,Hibernating,0,brąz
1158,1213.0,54.0,3.0,6.0,1763.16,9.0,Potential Loyalist,2,srebro
1159,1214.0,103.0,49.0,3.0,4624.93,12.0,Hibernating,0,brąz
1160,1215.0,176.0,4.0,11.0,5954.4,8.0,Loyal Custome,1,złoto
1161,1216.0,210.0,14.0,8.0,4714.65,3.0,Loyal Custome,2,srebro
1162,1217.0,76.0,17.0,15.0,2766.59,10.0,At Risk,2,srebro
1163,1218.0,216.0,1.0,3.0,7238.85,7.0,Potential Loyalist,1,złoto
1164,1220.0,1423.0,5.0,16.0,56260.78,50.0,Champion,1,złoto
1165,1221.0,1748.0,5.0,16.0,101269.56,44.0,Champion,1,złoto
1166,1222.0,1572.0,5.0,18.0,77353.24,47.0,Champion,1,złoto
1167,1223.0,3608.0,6.0,20.0,287439.88,57.0,Loyal Custome,1,złoto
1168,1224.0,173.0,11.0,3.0,12375.18,14.0,Uncertain,2,srebro
1169,1225.0,467.0,4.0,19.0,23231.79,34.0,Champion,1,złoto
1170,1226.0,228.0,48.0,5.0,12388.08,15.0,At Risk,2,srebro
1171,1227.0,86.0,6.0,12.0,1806.92,10.0,Uncertain,2,srebro
1172,1229.0,349.0,3.0,6.0,7414.83,10.0,Potential Loyalist,1,złoto
1173,1230.0,894.0,13.0,10.0,67585.87,36.0,Loyal Custome,1,złoto
1174,1231.0,927.0,1.0,3.0,98155.77,18.0,Uncertain,1,złoto
1175,1232.0,19.0,17.0,1.0,216.26,2.0,About To Sleep,0,brąz
1176,1233.0,28.0,47.0,1.0,520.52,1.0,Hibernating,0,brąz
1177,1234.0,43.0,40.0,1.0,489.94,2.0,Hibernating,0,brąz
1178,1235.0,168.0,3.0,11.0,4049.6,12.0,Loyal Custome,1,złoto
1179,1236.0,271.0,6.0,5.0,34804.07,23.0,Uncertain,1,złoto
1180,1237.0,23.0,7.0,5.0,384.42,4.0,Potential Loyalist,2,srebro
1181,1238.0,29.0,46.0,1.0,1252.96,4.0,Hibernating,0,brąz
1182,1239.0,22.0,4.0,3.0,271.54,3.0,Potential Loyalist,2,srebro
1183,1240.0,141.0,4.0,11.0,4852.78,10.0,Loyal Custome,1,złoto
1184,1241.0,957.0,4.0,4.0,176281.3,69.0,Uncertain,1,złoto
1185,1242.0,278.0,11.0,5.0,2556.17,4.0,Needs Attention,2,srebro
1186,1243.0,457.0,3.0,14.0,11091.38,18.0,Champion,1,złoto
1187,1244.0,174.0,13.0,7.0,2507.23,8.0,Needs Attention,2,srebro
1188,1245.0,142.0,7.0,15.0,2685.86,19.0,Uncertain,2,srebro
1189,1246.0,12.0,47.0,1.0,223.08,1.0,Hibernating,0,brąz
1190,1247.0,70.0,24.0,3.0,3696.18,9.0,Hibernating,0,brąz
1191,1250.0,93.0,13.0,9.0,1941.71,7.0,Needs Attention,2,srebro
1192,1251.0,119.0,20.0,6.0,3288.04,10.0,Needs Attention,2,srebro
1193,1252.0,352.0,6.0,8.0,6416.18,11.0,Loyal Custome,2,srebro
1194,1253.0,118.0,6.0,10.0,4738.58,12.0,Loyal Custome,2,srebro
1195,1254.0,913.0,33.0,5.0,132177.97,44.0,At Risk,2,srebro
1196,1256.0,1036.0,4.0,20.0,15915.57,19.0,Champion,1,złoto
1197,1257.0,61.0,25.0,4.0,1328.62,7.0,At Risk,0,brąz
1198,1258.0,228.0,3.0,12.0,6624.62,18.0,Loyal Custome,1,złoto
1199,1259.0,876.0,14.0,18.0,26219.78,26.0,Loyal Custome,1,złoto
1200,1260.0,615.0,5.0,18.0,14324.23,12.0,Champion,1,złoto
1201,1261.0,283.0,3.0,14.0,3792.01,14.0,Loyal Custome,1,złoto
1202,1262.0,196.0,7.0,10.0,9977.94,17.0,Loyal Custome,2,srebro
1203,1263.0,381.0,5.0,12.0,9793.63,8.0,Champion,1,złoto
1204,1264.0,6.0,11.0,2.0,135.84,2.0,About To Sleep,0,brąz
1205,1265.0,269.0,4.0,16.0,6786.19,7.0,Loyal Custome,1,złoto
1206,1266.0,40.0,4.0,2.0,377.4,1.0,Potential Loyalist,2,srebro
1207,1267.0,85.0,40.0,3.0,1112.87,5.0,Hibernating,0,brąz
1208,1268.0,102.0,7.0,15.0,2528.28,13.0,Uncertain,2,srebro
1209,1269.0,127.0,18.0,6.0,5349.72,10.0,Needs Attention,2,srebro
1210,1270.0,57.0,11.0,6.0,1900.89,9.0,Needs Attention,2,srebro
1211,1271.0,292.0,2.0,33.0,11103.09,11.0,Champion,1,złoto
1212,1272.0,390.0,35.0,3.0,8360.04,6.0,Hibernating,0,brąz
1213,1273.0,227.0,7.0,10.0,8096.89,15.0,Loyal Custome,2,srebro
1214,1275.0,90.0,7.0,7.0,1354.37,6.0,Potential Loyalist,2,srebro
1215,1276.0,405.0,3.0,12.0,13483.56,27.0,Champion,1,złoto
1216,1277.0,1859.0,4.0,20.0,125824.36,55.0,Champion,1,złoto
1217,1278.0,17.0,49.0,4.0,152.65,3.0,Hibernating,0,brąz
1218,1279.0,4.0,17.0,1.0,69.96,1.0,About To Sleep,0,brąz
1219,1280.0,1308.0,1.0,3.0,138337.02,19.0,Uncertain,1,złoto
1220,1281.0,655.0,6.0,18.0,20859.74,14.0,Loyal Custome,1,złoto
1221,1282.0,2.0,54.0,1.0,37.18,1.0,Hibernating,0,brąz
1222,1283.0,3012.0,6.0,33.0,79086.96,50.0,Loyal Custome,1,złoto
1223,1284.0,232.0,6.0,9.0,3958.93,11.0,Loyal Custome,2,srebro
1224,1285.0,220.0,63.0,2.0,1166.65,2.0,Hibernating,0,brąz
1225,1286.0,4.0,60.0,1.0,43.49,1.0,Hibernating,0,brąz
1226,1287.0,150.0,4.0,10.0,4529.83,13.0,Loyal Custome,2,srebro
1227,1288.0,8.0,72.0,1.0,142.32,3.0,Hibernating,0,brąz
1228,1290.0,193.0,47.0,2.0,6854.72,10.0,Hibernating,0,brąz
1229,1291.0,180.0,4.0,2.0,14647.78,18.0,Uncertain,2,srebro
1230,1292.0,88.0,4.0,8.0,787.1,3.0,Potential Loyalist,2,srebro
1231,1293.0,20.0,7.0,1.0,753.56,4.0,Potential Loyalist,0,brąz
1232,1294.0,262.0,18.0,6.0,4889.27,13.0,Needs Attention,2,srebro
1233,1296.0,94.0,10.0,8.0,1785.74,10.0,Potential Loyalist,2,srebro
1234,1297.0,123.0,2.0,7.0,2177.59,7.0,Potential Loyalist,2,srebro
1235,1298.0,330.0,12.0,23.0,33215.65,19.0,Loyal Custome,1,złoto
1236,1299.0,216.0,4.0,12.0,10955.78,20.0,Champion,1,złoto
1237,1300.0,118.0,7.0,10.0,2886.37,13.0,Potential Loyalist,2,srebro
1238,1301.0,107.0,6.0,9.0,1645.91,13.0,Potential Loyalist,2,srebro
1239,1302.0,751.0,12.0,9.0,50654.0,30.0,Loyal Custome,1,złoto
1240,1303.0,42.0,62.0,1.0,283.22,1.0,Hibernating,0,brąz
1241,1304.0,227.0,5.0,17.0,8104.07,20.0,Loyal Custome,1,złoto
1242,1305.0,372.0,5.0,24.0,13929.84,16.0,Champion,1,złoto
1243,1306.0,233.0,33.0,8.0,4490.89,13.0,At Risk,2,srebro
1244,1307.0,1551.0,1.0,3.0,181807.95,23.0,Uncertain,1,złoto
1245,1308.0,104.0,14.0,5.0,2976.89,7.0,Needs Attention,2,srebro
1246,1309.0,745.0,5.0,13.0,35350.48,45.0,Champion,1,złoto
1247,1310.0,96.0,4.0,14.0,1461.63,12.0,Uncertain,2,srebro
1248,1311.0,609.0,14.0,12.0,18388.8,27.0,Loyal Custome,2,srebro
1249,1312.0,392.0,12.0,8.0,19389.98,17.0,Loyal Custome,2,srebro
1250,1313.0,1140.0,10.0,8.0,101726.49,33.0,Loyal Custome,1,złoto
1251,1314.0,109.0,42.0,2.0,1607.96,5.0,Hibernating,0,brąz
1252,1315.0,70.0,11.0,4.0,1717.52,11.0,Needs Attention,2,srebro
1253,1316.0,476.0,5.0,12.0,19531.34,21.0,Champion,1,złoto
1254,1317.0,90.0,6.0,7.0,1208.69,11.0,Potential Loyalist,2,srebro
1255,1318.0,4785.0,54.0,5.0,35405.22,6.0,At Risk,2,srebro
1256,1320.0,112.0,4.0,6.0,2074.17,6.0,Potential Loyalist,2,srebro
1257,1321.0,446.0,2.0,14.0,11014.94,24.0,Champion,1,złoto
1258,1322.0,377.0,11.0,6.0,4695.17,7.0,Needs Attention,2,srebro
1259,1323.0,497.0,5.0,8.0,27438.85,27.0,Loyal Custome,1,złoto
1260,1324.0,829.0,2.0,26.0,25412.83,28.0,Champion,1,złoto
1261,1325.0,156.0,17.0,13.0,1396.2,2.0,At Risk,2,srebro
1262,1326.0,891.0,5.0,8.0,58022.74,31.0,Loyal Custome,1,złoto
1263,1327.0,1477.0,7.0,19.0,71974.59,43.0,Loyal Custome,1,złoto
1264,1328.0,1661.0,3.0,20.0,119669.42,65.0,Champion,1,złoto
1265,1329.0,317.0,4.0,33.0,4046.29,15.0,Loyal Custome,1,złoto
1266,1330.0,147.0,5.0,11.0,1459.17,4.0,Potential Loyalist,2,srebro
1267,1331.0,5.0,6.0,1.0,39.45,1.0,Potential Loyalist,0,brąz
1268,1332.0,12.0,42.0,2.0,118.97,2.0,Hibernating,0,brąz
1269,1333.0,191.0,3.0,11.0,3987.51,10.0,Loyal Custome,1,złoto
1270,1334.0,382.0,4.0,24.0,7963.71,12.0,Loyal Custome,1,złoto
1271,1335.0,211.0,5.0,10.0,5799.93,18.0,Loyal Custome,2,srebro
1272,1336.0,36.0,49.0,2.0,470.96,4.0,Hibernating,0,brąz
1273,1337.0,128.0,10.0,5.0,4011.51,12.0,Potential Loyalist,2,srebro
1274,1338.0,828.0,3.0,11.0,66597.32,43.0,Loyal Custome,1,złoto
1275,1339.0,152.0,29.0,10.0,2058.72,5.0,At Risk,2,srebro
1276,1341.0,1271.0,5.0,19.0,59923.91,34.0,Champion,1,złoto
1277,1342.0,43.0,42.0,4.0,900.16,5.0,Hibernating,0,brąz
1278,1343.0,931.0,41.0,9.0,18649.58,16.0,At Risk,2,srebro
1279,1344.0,1138.0,6.0,1.0,63811.68,17.0,Uncertain,2,srebro
1280,1345.0,1266.0,2.0,28.0,24276.93,23.0,Champion,1,złoto
1281,1346.0,3144.0,5.0,25.0,114931.19,45.0,Champion,1,złoto
1282,1348.0,330.0,7.0,26.0,5022.29,14.0,Loyal Custome,1,złoto
1283,1349.0,18.0,18.0,3.0,263.12,3.0,About To Sleep,0,brąz
1284,1351.0,85.0,19.0,5.0,1007.16,7.0,About To Sleep,2,srebro
1285,1352.0,1368.0,7.0,22.0,46861.17,47.0,Loyal Custome,1,złoto
1286,1353.0,660.0,4.0,13.0,31564.75,32.0,Champion,1,złoto
1287,1354.0,10.0,3.0,1.0,191.52,2.0,Potential Loyalist,0,brąz
1288,1355.0,153.0,19.0,6.0,2172.26,7.0,Needs Attention,2,srebro
1289,1356.0,22.0,10.0,2.0,272.21,3.0,Potential Loyalist,0,brąz
1290,1357.0,1326.0,4.0,21.0,77877.76,43.0,Champion,1,złoto
1291,1358.0,1825.0,7.0,29.0,63204.93,54.0,Loyal Custome,1,złoto
1292,1359.0,555.0,67.0,1.0,304.14,1.0,Hibernating,0,brąz
1293,1360.0,143.0,59.0,3.0,2234.23,6.0,Hibernating,0,brąz
1294,1361.0,204.0,34.0,4.0,2698.06,6.0,At Risk,0,brąz
1295,1362.0,50.0,41.0,2.0,239.75,2.0,Hibernating,0,brąz
1296,1363.0,464.0,3.0,17.0,14115.21,12.0,Champion,1,złoto
1297,1364.0,68.0,18.0,2.0,1164.35,4.0,About To Sleep,0,brąz
1298,1365.0,106.0,35.0,4.0,1128.85,4.0,At Risk,0,brąz
1299,1366.0,181.0,5.0,10.0,6341.64,15.0,Loyal Custome,2,srebro
1300,1367.0,179.0,7.0,15.0,7146.91,12.0,Loyal Custome,1,złoto
1301,1368.0,246.0,2.0,31.0,3711.96,16.0,Loyal Custome,1,złoto
1302,1369.0,987.0,5.0,21.0,31819.47,49.0,Champion,1,złoto
1303,1370.0,10.0,54.0,1.0,78.9,1.0,Hibernating,0,brąz
1304,1371.0,1477.0,13.0,10.0,43428.75,29.0,Loyal Custome,1,złoto
1305,1372.0,67.0,17.0,6.0,1598.56,8.0,Needs Attention,2,srebro
1306,1373.0,203.0,5.0,7.0,5476.07,15.0,Loyal Custome,2,srebro
1307,1374.0,131.0,28.0,12.0,2873.77,13.0,At Risk,2,srebro
1308,1375.0,16.0,14.0,2.0,160.33,3.0,About To Sleep,0,brąz
1309,1376.0,285.0,3.0,8.0,3812.63,7.0,Loyal Custome,2,srebro
1310,1377.0,8.0,4.0,1.0,75.48,1.0,Potential Loyalist,0,brąz
1311,1378.0,1030.0,3.0,14.0,106719.83,42.0,Champion,1,złoto
1312,1379.0,316.0,9.0,14.0,5657.13,9.0,Loyal Custome,2,srebro
1313,1380.0,806.0,10.0,9.0,51309.03,38.0,Loyal Custome,1,złoto
1314,1382.0,158.0,5.0,19.0,5582.06,11.0,Loyal Custome,1,złoto
1315,1383.0,1906.0,53.0,6.0,18890.2,4.0,At Risk,2,srebro
1316,1384.0,300.0,4.0,2.0,6999.14,3.0,Potential Loyalist,2,srebro
1317,1385.0,773.0,4.0,23.0,31336.24,34.0,Champion,1,złoto
1318,1386.0,224.0,20.0,8.0,3379.31,14.0,Needs Attention,2,srebro
1319,1387.0,102.0,24.0,2.0,435.57,2.0,About To Sleep,0,brąz
1320,1388.0,485.0,3.0,11.0,27219.37,20.0,Loyal Custome,1,złoto
1321,1389.0,607.0,7.0,20.0,28018.54,30.0,Loyal Custome,1,złoto
1322,1390.0,8.0,23.0,1.0,75.48,1.0,About To Sleep,0,brąz
1323,1391.0,148.0,27.0,13.0,1828.48,7.0,At Risk,2,srebro
1324,1392.0,137.0,34.0,5.0,3990.26,8.0,At Risk,2,srebro
1325,1393.0,977.0,7.0,14.0,54920.28,11.0,Loyal Custome,1,złoto
1326,1394.0,490.0,3.0,3.0,2415.63,3.0,Potential Loyalist,2,srebro
1327,1395.0,182.0,10.0,5.0,3889.46,10.0,Potential Loyalist,2,srebro
1328,1396.0,29.0,60.0,2.0,805.56,4.0,Hibernating,0,brąz
1329,1397.0,40.0,20.0,2.0,237.15,2.0,About To Sleep,0,brąz
1330,1398.0,111.0,6.0,12.0,1340.0,10.0,Uncertain,2,srebro
1331,1399.0,287.0,3.0,6.0,15207.42,14.0,Uncertain,1,złoto
1332,1400.0,775.0,6.0,13.0,51426.47,25.0,Loyal Custome,1,złoto
1333,1401.0,502.0,4.0,12.0,34719.01,27.0,Champion,1,złoto
1334,1402.0,72.0,5.0,1.0,1333.08,4.0,Potential Loyalist,0,brąz
1335,1403.0,411.0,5.0,12.0,19906.64,29.0,Champion,1,złoto
1336,1404.0,484.0,3.0,31.0,10711.09,14.0,Champion,1,złoto
1337,1405.0,30.0,23.0,1.0,1520.24,4.0,About To Sleep,0,brąz
1338,1406.0,368.0,12.0,14.0,20003.07,28.0,Loyal Custome,1,złoto
1339,1407.0,840.0,1.0,3.0,69241.9,12.0,Uncertain,1,złoto
1340,1408.0,513.0,6.0,13.0,17652.32,25.0,Loyal Custome,1,złoto
1341,1409.0,1708.0,7.0,34.0,60958.29,40.0,Loyal Custome,1,złoto
1342,1410.0,105.0,6.0,6.0,2288.48,12.0,Potential Loyalist,2,srebro
1343,1412.0,373.0,6.0,12.0,13118.35,14.0,Loyal Custome,1,złoto
1344,1413.0,249.0,5.0,6.0,3897.05,6.0,Potential Loyalist,2,srebro
1345,1414.0,81.0,4.0,10.0,2480.77,8.0,Potential Loyalist,2,srebro
1346,1415.0,57.0,34.0,3.0,1489.57,7.0,Hibernating,0,brąz
1347,1416.0,12.0,39.0,2.0,113.22,1.0,Hibernating,0,brąz
1348,1417.0,40.0,52.0,1.0,377.4,1.0,Hibernating,0,brąz
1349,1418.0,1926.0,13.0,16.0,130520.21,47.0,Loyal Custome,1,złoto
1350,1419.0,808.0,2.0,22.0,17783.1,15.0,Champion,1,złoto
1351,1420.0,104.0,13.0,15.0,1500.12,3.0,At Risk,2,srebro
1352,1421.0,1626.0,1.0,3.0,238177.88,29.0,Uncertain,1,złoto
1353,1422.0,3535.0,49.0,3.0,18485.51,2.0,Uncertain,0,brąz
1354,1424.0,66.0,66.0,1.0,3936.24,8.0,Hibernating,0,brąz
1355,1425.0,204.0,10.0,5.0,9471.0,10.0,Uncertain,2,srebro
1356,1426.0,554.0,20.0,8.0,34809.55,12.0,Loyal Custome,2,srebro
1357,1427.0,45.0,7.0,16.0,793.46,7.0,Uncertain,2,srebro
1358,1428.0,534.0,4.0,10.0,34214.78,20.0,Loyal Custome,1,złoto
1359,1430.0,88.0,4.0,11.0,1731.34,9.0,Potential Loyalist,2,srebro
1360,1431.0,509.0,2.0,12.0,21603.52,24.0,Champion,1,złoto
1361,1432.0,409.0,6.0,11.0,15872.82,33.0,Loyal Custome,1,złoto
1362,1433.0,465.0,6.0,7.0,124394.01,44.0,Loyal Custome,1,złoto
1363,1434.0,934.0,6.0,24.0,24880.49,41.0,Loyal Custome,1,złoto
1364,1436.0,1229.0,3.0,22.0,65580.42,33.0,Champion,1,złoto
1365,1437.0,263.0,11.0,13.0,11210.3,19.0,Loyal Custome,2,srebro
1366,1438.0,350.0,4.0,10.0,23777.64,26.0,Loyal Custome,1,złoto
1367,1439.0,803.0,3.0,24.0,20033.76,20.0,Champion,1,złoto
1368,1440.0,219.0,6.0,11.0,4782.96,12.0,Loyal Custome,2,srebro
1369,1441.0,1711.0,3.0,13.0,454977.97,65.0,Champion,1,złoto
1370,1442.0,19.0,34.0,2.0,196.14,3.0,Hibernating,0,brąz
1371,1443.0,24.0,6.0,2.0,214.8,1.0,Potential Loyalist,0,brąz
1372,1444.0,2336.0,3.0,23.0,103720.06,51.0,Champion,1,złoto
1373,1445.0,650.0,4.0,23.0,25456.36,36.0,Champion,1,złoto
1374,1446.0,200.0,13.0,7.0,3808.36,5.0,Loyal Custome,2,srebro
1375,1447.0,650.0,5.0,18.0,13214.87,24.0,Champion,1,złoto
1376,1448.0,59.0,25.0,5.0,1432.46,5.0,At Risk,2,srebro
1377,1449.0,163.0,34.0,11.0,7611.87,19.0,At Risk,2,srebro
1378,1450.0,272.0,4.0,15.0,10409.08,18.0,Champion,1,złoto
1379,1451.0,101.0,10.0,9.0,3829.26,9.0,Loyal Custome,2,srebro
1380,1452.0,96.0,44.0,4.0,3171.74,7.0,At Risk,0,brąz
1381,1453.0,371.0,4.0,14.0,20896.6,21.0,Champion,1,złoto
1382,1454.0,74.0,4.0,10.0,1791.85,13.0,Potential Loyalist,2,srebro
1383,1455.0,94.0,3.0,5.0,3821.77,16.0,Potential Loyalist,2,srebro
1384,1456.0,311.0,17.0,4.0,5750.76,7.0,Needs Attention,2,srebro
1385,1457.0,671.0,2.0,10.0,38193.78,21.0,Loyal Custome,1,złoto
1386,1458.0,207.0,46.0,3.0,2428.32,3.0,Hibernating,0,brąz
1387,1459.0,465.0,1.0,3.0,37430.85,13.0,Uncertain,1,złoto
1388,1460.0,24.0,72.0,1.0,199.96,1.0,Hibernating,0,brąz
1389,1461.0,550.0,4.0,22.0,18316.65,27.0,Champion,1,złoto
1390,1462.0,151.0,10.0,4.0,1959.88,7.0,Potential Loyalist,2,srebro
1391,1463.0,12.0,10.0,3.0,136.22,3.0,Potential Loyalist,0,brąz
1392,1464.0,54.0,25.0,2.0,370.22,3.0,Hibernating,0,brąz
1393,1465.0,56.0,5.0,4.0,936.16,3.0,Potential Loyalist,2,srebro
1394,1466.0,290.0,14.0,15.0,10513.18,11.0,Loyal Custome,2,srebro
1395,1467.0,1887.0,3.0,17.0,84963.79,37.0,Champion,1,złoto
1396,1468.0,344.0,10.0,18.0,7609.62,18.0,Loyal Custome,1,złoto
1397,1469.0,323.0,7.0,17.0,11577.31,25.0,Loyal Custome,1,złoto
1398,1470.0,24.0,40.0,1.0,226.44,1.0,Hibernating,0,brąz
1399,1471.0,20.0,7.0,3.0,698.21,6.0,Potential Loyalist,2,srebro
1400,1472.0,515.0,1.0,3.0,35028.09,12.0,Uncertain,1,złoto
1401,1473.0,629.0,5.0,13.0,18616.87,35.0,Champion,1,złoto
1402,1474.0,168.0,5.0,9.0,2020.31,6.0,Potential Loyalist,2,srebro
1403,1475.0,307.0,2.0,22.0,4776.73,12.0,Loyal Custome,1,złoto
1404,1476.0,24.0,60.0,1.0,728.82,3.0,Hibernating,0,brąz
1405,1477.0,129.0,34.0,5.0,1674.98,6.0,At Risk,0,brąz
1406,1478.0,270.0,6.0,7.0,14757.11,13.0,Loyal Custome,2,srebro
1407,1479.0,72.0,4.0,10.0,622.62,5.0,Potential Loyalist,2,srebro
1408,1481.0,5.0,47.0,2.0,55.98,2.0,Hibernating,0,brąz
1409,1482.0,241.0,5.0,10.0,4457.49,12.0,Loyal Custome,2,srebro
1410,1483.0,114.0,46.0,6.0,2417.2,8.0,At Risk,0,brąz
1411,1484.0,12.0,46.0,2.0,161.94,3.0,Hibernating,0,brąz
1412,1485.0,18.0,21.0,1.0,121.86,1.0,About To Sleep,0,brąz
1413,1486.0,8247.0,5.0,30.0,164107.06,35.0,Champion,1,złoto
1414,1487.0,239.0,3.0,12.0,3657.48,8.0,Loyal Custome,1,złoto
1415,1488.0,70.0,18.0,15.0,756.8,7.0,Uncertain,2,srebro
1416,1489.0,123.0,4.0,9.0,4726.21,18.0,Loyal Custome,2,srebro
1417,1490.0,507.0,6.0,19.0,32313.27,23.0,Loyal Custome,1,złoto
1418,1493.0,262.0,6.0,23.0,2505.29,11.0,Uncertain,1,złoto
1419,1495.0,154.0,6.0,6.0,5778.58,13.0,Potential Loyalist,2,srebro
1420,1496.0,490.0,53.0,4.0,24284.7,21.0,At Risk,2,srebro
1421,1497.0,148.0,11.0,6.0,1380.73,7.0,Needs Attention,2,srebro
1422,1499.0,85.0,16.0,11.0,642.02,8.0,Uncertain,2,srebro
1423,1500.0,30.0,55.0,1.0,127.83,1.0,Hibernating,0,brąz
1424,1501.0,768.0,3.0,21.0,19567.87,18.0,Champion,1,złoto
1425,1502.0,87.0,4.0,8.0,1734.88,14.0,Potential Loyalist,2,srebro
1426,1503.0,213.0,5.0,8.0,6547.08,18.0,Loyal Custome,2,srebro
1427,1504.0,138.0,19.0,5.0,2236.05,4.0,Needs Attention,2,srebro
1428,1505.0,704.0,3.0,23.0,5226.98,11.0,Loyal Custome,1,złoto
1429,1506.0,136.0,11.0,3.0,1686.62,5.0,About To Sleep,2,srebro
1430,1507.0,174.0,18.0,3.0,15798.92,17.0,Uncertain,2,srebro
1431,1508.0,124.0,28.0,12.0,2676.89,7.0,At Risk,2,srebro
1432,1509.0,1543.0,4.0,17.0,109497.54,54.0,Champion,1,złoto
1433,1510.0,668.0,1.0,3.0,49602.45,17.0,Uncertain,1,złoto
1434,1511.0,82.0,35.0,4.0,1047.58,6.0,Hibernating,0,brąz
